ID,fraud_flag
7012,0
14698,0
48689,0
53751,0
76351,0
60171,0
20358,0
55694,0
51557,0
31115,0
52902,0
19702,0
12173,0
66296,0
61793,0
10800,0
62985,0
28986,0
13097,0
33420,0
22124,0
6528,0
26789,0
17954,0
74457,0
30930,0
52771,0
29108,0
37558,0
7149,0
33274,0
27341,0
70834,0
59988,0
20193,0
74211,0
47765,0
62413,0
33162,0
75854,0
61756,0
47428,0
2703,0
40920,0
44001,0
12768,0
49842,0
65217,0
47992,0
4897,0
44107,0
28587,0
22490,0
43177,0
1576,0
250,0
41289,0
62386,0
49671,0
32439,0
21723,0
7443,0
55880,0
44528,0
50352,0
4779,0
75307,0
16078,0
628,0
61477,0
61699,0
23259,0
55435,0
52377,0
2523,0
33818,0
43294,0
9152,0
65667,0
43409,0
42467,0
66169,0
9668,0
1186,0
26750,0
48502,0
7583,0
24455,0
33283,0
25946,0
76283,0
12820,0
1252,0
75432,0
22502,0
61507,0
33551,0
30344,0
36030,0
54719,1
43352,0
19485,0
74701,0
20570,0
12863,0
34691,0
55454,0
11981,0
42404,0
6803,0
62773,0
13014,0
10828,0
67556,0
56832,0
33970,0
46811,0
28570,0
37338,0
67792,0
37032,0
64083,0
40944,0
24649,0
23684,0
1467,0
16194,0
34675,0
36769,0
8429,0
42328,0
16596,0
61166,0
69906,0
51927,0
29097,0
29864,0
39200,0
59859,0
76411,0
63903,0
41649,0
12199,1
6721,0
70382,0
541,0
9787,0
39351,0
69174,0
34553,0
56566,0
9264,0
57680,0
52948,0
43781,0
6347,0
13826,0
34160,0
26481,0
43798,0
71057,0
13629,0
21732,0
70581,0
39773,0
8109,0
25744,0
51770,0
56205,0
59548,0
62828,0
48682,0
76390,0
74228,0
8748,0
8514,0
52639,0
67783,0
51079,0
27632,0
42326,0
64897,0
62856,0
9438,0
44608,0
63645,0
53364,0
68579,0
17854,0
65822,0
6510,0
52409,0
74140,0
6197,0
1820,0
38772,0
45196,0
42399,0
8081,0
53558,0
48022,0
34060,0
19837,0
6439,0
27648,0
40249,0
35992,0
60098,0
21931,0
41846,0
42845,0
75323,0
56226,0
24506,0
24003,0
70936,0
52556,0
30298,0
12143,0
35845,0
36634,0
50770,0
290,0
4950,0
43481,0
34383,0
62127,0
5663,0
51566,0
30912,0
66522,0
13811,0
34809,0
60793,0
71339,0
16398,0
38111,0
74429,0
60118,0
64988,0
71899,0
53040,0
41763,0
71425,0
10495,0
42731,1
53846,0
1217,0
52796,0
2793,0
45205,0
21276,0
27830,0
72646,0
37298,0
11444,0
423,0
31201,0
62636,0
50654,0
40905,0
38133,0
43109,0
29382,0
28933,0
60931,0
39899,0
68584,0
69364,0
58697,0
68597,0
4166,0
37022,0
41732,0
38904,0
73109,0
73485,0
38075,0
8987,0
75335,0
5854,0
75891,0
67245,0
36969,0
40050,0
41293,0
69150,0
71361,0
27107,0
4876,0
40583,0
10378,0
74455,0
11648,0
9999,0
71492,0
6251,0
10373,0
65410,0
26462,0
71447,0
7836,0
30915,0
43613,0
68422,0
17684,0
42913,0
20046,0
54222,0
1346,0
10578,0
2029,0
9830,0
7549,0
13441,0
49361,0
5720,0
15302,0
30608,0
73428,0
29120,0
14704,0
66718,0
64856,0
13769,0
711,0
7883,0
2195,0
34073,0
62485,0
45866,0
62902,0
68277,0
28207,0
56655,0
16573,0
44268,0
24361,0
68654,0
72431,0
55062,0
15119,0
36849,0
52083,0
73783,0
26514,0
37330,0
71717,0
17329,0
39532,0
6181,0
37279,0
39603,0
32116,0
73803,0
73843,0
16628,0
17363,0
55795,0
30389,0
9488,0
28600,0
69679,0
38523,0
1458,0
59220,0
35549,0
44594,0
12667,0
57301,0
52322,0
5765,0
57821,0
22090,0
9076,0
47472,0
76074,0
23907,0
35804,0
46218,0
6556,0
901,0
64387,0
58051,0
75709,0
73552,0
60327,0
11777,0
72783,0
56270,0
7258,0
3800,0
13781,0
45062,0
45124,0
60326,0
42524,0
25443,0
74597,0
30193,0
11699,0
64233,0
43621,0
1100,0
23863,0
10442,0
68030,0
52761,0
56769,0
24813,0
29833,0
16878,0
22030,0
24647,0
35198,0
59679,0
31349,0
30649,0
30563,0
15123,0
72313,0
31671,0
24321,0
21609,0
46494,0
1528,0
8533,0
61818,0
76075,0
33372,0
16180,0
54627,0
51601,0
15521,0
53511,0
68966,0
35381,0
15056,0
11934,0
8524,0
44345,0
5534,0
6687,0
46468,0
69687,0
66490,1
74313,0
24474,0
62111,0
49976,0
41021,0
21827,1
55682,0
59474,0
6735,0
14598,0
65005,0
1107,0
75093,0
2878,0
22161,0
69188,0
3077,0
48893,0
27003,0
68522,0
65478,0
73511,0
49354,0
35038,0
9056,0
10734,0
687,0
59460,0
54861,0
23321,0
63559,0
57924,0
48786,0
53276,0
40153,0
55742,0
39768,0
10193,0
70927,0
62680,0
54495,0
71271,0
23979,0
66475,0
22511,0
43212,0
3683,0
13000,0
76420,0
72635,0
13921,0
22651,0
50277,0
13806,0
9789,0
44619,0
16610,0
31722,0
27083,0
34055,0
53382,0
61998,0
76410,0
48643,0
35827,1
6234,0
37344,0
29930,0
32426,0
71603,0
57149,0
33139,0
9644,0
13740,0
30652,0
31839,0
74682,0
2087,0
15526,0
29509,0
16332,0
40440,0
44993,0
75834,0
51939,0
45632,0
66141,0
4941,0
73384,0
18187,0
16016,0
60999,0
65537,0
41112,0
44301,0
33629,0
17610,0
72772,0
36063,0
75486,0
28149,0
46144,1
66731,0
601,0
51723,0
19063,0
70394,0
42018,0
10656,0
16300,0
18209,0
55814,0
23306,0
17877,0
51202,0
28503,0
64037,0
47358,0
65276,0
58895,0
32540,0
30428,0
12149,0
32755,0
38299,0
13469,0
18399,0
19041,0
30862,0
5309,0
27955,0
65293,0
47982,0
9647,0
40087,0
12953,0
28791,0
40359,0
6881,0
39253,0
42641,0
68706,0
9043,0
51497,0
16834,0
47243,0
61562,0
14954,0
29182,0
5900,0
12203,0
28752,0
14867,0
54584,0
56509,0
15091,0
62766,0
65227,0
16651,0
7010,0
53332,0
5679,0
1875,0
25734,0
72430,0
11222,0
1578,0
21203,0
25410,0
31333,0
28664,0
29051,0
48407,0
24960,0
67047,0
51959,0
44811,0
59110,0
68026,0
31253,0
3560,0
37527,0
41280,0
15967,0
53802,0
51440,0
32874,0
35233,0
16790,0
46952,0
14207,0
72810,0
720,0
2600,0
11531,0
61419,0
16295,0
518,0
9118,0
62846,0
50150,0
49833,0
1046,0
31280,0
72154,0
39669,0
55452,0
12599,0
22289,0
13993,0
1525,0
50452,0
20539,0
49604,0
75400,0
41108,0
57943,0
57355,0
480,0
8501,0
40065,0
18692,0
26070,0
76385,0
6365,0
7602,0
14472,0
38970,0
46507,0
67985,0
45537,0
50692,0
72326,0
40551,0
63863,0
47862,0
52271,0
1814,0
64619,0
8899,0
44418,0
34644,0
46595,0
9071,0
6003,0
16020,0
41275,0
36922,0
38095,0
46722,0
5706,0
54741,0
13102,0
71897,0
28257,0
13719,0
2042,0
45872,0
63186,0
75735,0
20210,0
14415,0
75830,0
52577,0
8532,0
11843,0
34142,0
61721,0
13480,0
56999,0
50929,0
9558,0
12486,0
51511,0
2200,0
61394,0
59107,0
71323,0
46614,0
7422,0
55104,0
7383,0
54764,0
13630,0
56045,0
34878,0
74275,0
62872,0
36655,0
48431,0
68341,0
28538,0
71427,0
56041,0
65079,0
39116,0
8746,0
72714,0
18803,0
25325,0
38571,0
15986,0
59796,0
53487,0
28750,0
1723,0
73589,0
69938,0
36478,0
52202,0
28453,0
42987,0
9103,0
59822,0
60135,0
59557,0
59420,0
11345,0
7349,0
21357,0
44178,0
30984,0
14645,0
57530,0
60762,0
49345,0
39167,0
62592,0
45822,0
58811,0
47563,0
70480,0
48309,0
25709,0
74265,0
65146,0
28465,0
18249,0
26869,0
33600,0
6712,0
21465,0
8502,0
21100,0
70071,0
1760,0
47829,0
24599,0
68344,0
29274,0
44048,0
71512,0
71976,0
62068,0
49006,0
2284,0
23918,0
60605,0
59056,0
11608,0
6862,0
15806,0
41911,0
67358,0
4220,0
10580,0
19505,0
25601,0
21530,0
7570,0
55313,0
71527,0
48404,0
57269,0
59685,0
49177,0
8029,0
4704,0
34305,0
19136,0
76402,0
54174,0
58404,0
11101,0
63492,0
10361,0
27530,0
36248,0
72973,0
36882,0
66933,0
30124,0
18303,0
73651,0
75671,0
56468,0
19414,0
51920,0
66031,0
48937,0
38766,0
19570,0
46486,0
70305,0
66774,0
54632,0
71865,0
5794,0
50874,0
40897,0
37372,0
30396,0
22474,0
37462,0
33099,0
38049,0
60363,0
31376,0
31723,0
46731,0
22372,0
12061,0
16442,0
54767,0
40045,0
73528,0
20023,0
42643,0
30765,0
32552,0
34882,0
57219,0
23873,0
46489,0
25736,0
75493,0
25400,0
61626,0
31913,0
888,0
29309,0
73258,0
42310,0
40704,0
14134,0
42126,0
74452,0
70016,0
43372,0
59184,0
32643,0
22129,0
7707,0
34234,0
42032,0
63192,0
73226,0
34542,0
24365,0
55574,0
20361,0
22399,0
1461,0
4109,0
56842,0
73146,0
32200,0
12092,0
39766,0
19844,0
17938,0
35065,0
23906,0
5087,0
48909,0
31688,0
8766,0
25739,0
40098,1
65701,0
24571,0
38639,0
56111,0
44171,0
28292,0
32378,0
62397,0
498,0
3927,0
21384,0
64860,0
14552,0
11497,0
53543,0
31212,0
24673,0
75820,0
17904,0
38145,0
42802,0
63304,0
8202,0
69479,0
70928,0
47132,0
50700,0
75367,0
27362,0
13093,0
22345,0
31023,0
70570,0
73919,0
123,0
73970,0
38442,0
68328,0
3846,0
41900,0
64077,0
57706,0
55523,0
65279,0
75534,0
58615,0
49041,0
61848,0
30877,0
31480,0
49074,0
73893,0
39728,0
76077,0
3327,0
67687,0
58784,0
66019,0
48481,0
27617,0
75550,0
68725,0
47313,0
18534,0
70554,0
74919,0
57592,0
18013,0
7539,0
12362,0
22999,0
14323,0
3738,0
6265,0
71553,0
31479,0
61323,0
18925,0
5292,0
53924,0
11944,0
22122,0
29600,0
24927,0
180,0
72708,0
33857,0
48336,0
48023,0
31436,0
54051,0
65968,0
68772,0
39012,0
43054,0
20008,0
67351,0
48356,0
65114,0
3707,0
52440,0
73733,0
44194,0
18386,0
46617,0
16999,0
75003,0
68964,0
51217,0
52547,0
13854,0
60686,0
55843,0
59001,0
4478,0
38981,0
72702,0
30858,0
35384,0
55357,0
23123,0
26406,0
34164,0
70182,0
33548,0
66282,0
59524,0
44041,0
41590,0
14996,0
5039,0
47937,0
30348,0
48295,0
69133,0
12012,0
48912,1
60687,0
19186,0
7109,0
26004,0
49362,0
53023,0
29623,0
8207,0
54135,0
21888,0
42255,0
39606,1
13495,0
69495,0
9785,0
20166,0
14073,0
57763,0
4048,0
50610,0
49858,0
38077,0
53917,0
56757,1
6413,0
9834,0
70277,0
73987,0
56926,0
70528,0
22130,0
10511,0
62404,0
5238,0
32273,0
23908,0
35952,0
71470,0
65860,0
71974,0
19102,0
61506,0
51630,0
48704,0
44638,0
32631,0
33725,0
63319,0
20612,0
10609,0
14484,0
68279,0
72615,0
17987,0
1018,0
37189,0
71890,0
20249,0
75502,0
74871,0
1512,0
66727,0
49196,0
72006,0
25065,0
58800,0
62794,0
28154,0
66176,0
43671,0
65572,0
74285,0
26552,0
25253,0
7997,0
24402,0
57398,0
14832,0
33205,0
16887,0
63247,0
37067,0
3110,0
41167,0
55429,1
37758,0
2650,0
41674,0
46686,0
45273,0
8814,0
30793,0
4603,0
2279,0
29302,0
53077,0
28189,0
66886,0
50796,0
67596,0
46874,0
73157,0
48055,0
9598,0
25392,0
60958,0
68802,0
37220,0
59119,0
17804,0
34517,0
47165,0
69947,0
4225,0
50974,0
61320,0
10051,0
60030,0
24768,0
66278,0
8103,0
25531,0
56704,0
587,0
74472,0
48250,0
31717,0
8926,0
21284,0
63677,0
54942,0
35673,0
39646,0
27894,0
71784,0
44412,0
14852,0
37336,0
5588,0
27957,0
3847,0
37461,0
64072,0
49983,0
35024,0
1157,1
12918,0
55797,0
18593,0
4277,0
69825,0
30228,0
6822,0
3833,0
16085,0
10071,0
74707,0
30777,0
9169,0
46563,0
68228,1
34017,0
41057,0
63468,0
52080,0
13827,0
25849,0
14114,0
69759,0
62332,0
30165,0
69057,0
62243,0
29369,0
4762,0
59781,0
1127,0
16897,0
54564,0
26024,0
75230,0
26133,0
12374,0
61297,0
50363,0
23667,0
13482,0
60980,0
62591,0
75160,0
68368,0
11675,0
65104,0
6104,0
19351,0
31640,0
59445,0
70571,0
17440,0
65738,0
6163,0
38096,0
32234,0
4364,0
19304,0
45342,0
69463,0
49577,1
52801,0
64663,0
56809,0
10112,0
47837,0
54656,0
29362,0
2062,0
2737,0
13309,0
28227,0
32478,0
45300,0
65985,0
9014,0
24658,0
67025,0
54790,0
15974,0
6093,0
73291,0
55203,0
61687,0
3868,0
15019,0
45636,0
75554,0
23220,0
27399,0
22314,0
66806,0
11553,0
31649,0
8369,0
1880,0
11138,0
38351,0
43520,0
21994,0
22960,0
66634,0
20962,0
63377,0
33027,0
66201,1
28985,0
48770,0
56544,0
34084,0
17335,0
71751,0
6584,0
24278,0
68060,0
33990,0
44388,0
18279,0
2752,0
9842,0
31270,0
26094,0
39740,0
36200,0
54142,0
33874,0
60033,0
27236,0
59945,0
24559,0
45759,0
72839,0
25503,0
60553,0
33029,0
68947,0
6675,0
73664,0
4495,0
46387,0
4086,0
15694,0
57376,0
41949,0
52114,0
54754,0
74890,0
22069,0
67926,0
27858,0
66956,0
57704,0
60482,0
30022,0
26676,0
33193,0
75354,0
37721,0
21027,0
62992,1
9150,0
7809,0
11690,0
14806,0
60880,0
5392,1
5587,0
29637,0
15303,0
22194,0
51553,0
27809,0
26245,0
60508,0
73821,0
21540,0
21826,0
50697,0
16073,0
17798,0
12951,0
15393,0
70713,0
1280,0
42920,0
7364,0
6177,0
56880,0
24143,0
49861,0
14090,0
71841,0
12622,0
19053,0
76134,0
7503,0
24770,0
10723,0
31829,0
44491,0
39486,0
26388,0
72088,0
34459,0
16188,0
70622,0
39171,0
36209,0
57875,0
65170,0
59874,0
62402,0
74805,0
26970,0
2242,0
45664,0
68886,0
2754,0
17166,0
41460,0
49965,0
28141,0
50509,0
41702,0
21502,0
31582,0
1766,0
70186,0
2425,0
58007,0
27542,0
50876,0
18098,0
28921,0
39975,0
8002,0
64194,0
32402,0
47241,0
43976,0
12363,0
28369,0
31598,0
75540,0
75349,0
53871,0
35571,0
55941,0
74825,0
17199,0
55123,0
17254,0
53599,0
13710,0
64910,0
37672,0
31072,0
32810,0
7406,0
44237,0
33592,0
56380,0
46447,0
56537,0
31138,0
71759,0
42587,0
68127,0
68524,0
70963,0
75552,0
19764,0
48239,0
48326,0
15365,0
26760,0
60039,0
66498,0
32853,0
12515,0
2120,0
64673,0
70403,0
55822,0
31010,0
61150,0
71605,0
25651,0
18371,0
43552,0
537,0
32292,0
50647,0
4035,0
71178,0
47573,0
13514,0
53460,0
67520,0
23589,0
43301,0
38313,0
20181,0
34715,0
54216,0
45875,0
60347,0
2440,0
61128,0
42510,0
25154,0
74788,0
62215,0
27597,0
36911,0
35289,0
37327,0
70217,0
28479,0
68055,0
46448,0
39481,0
53049,0
33926,1
64890,0
58346,0
21802,0
28146,0
73393,0
47633,0
51643,0
27457,0
8643,0
42430,0
74875,0
64609,0
64313,0
53607,0
20414,0
6180,0
12072,0
34325,0
65931,0
40528,0
6281,0
55206,0
76147,0
830,0
1629,0
73628,0
71347,0
75375,0
66643,0
11643,0
67036,0
25501,0
15788,0
38180,0
3944,0
60055,0
24067,0
47111,0
42745,0
38559,0
76047,0
42994,0
46937,0
21885,0
57776,0
55790,0
48075,0
13408,0
68917,0
2557,0
67502,0
28281,0
6636,0
4474,0
74629,0
54697,0
45185,0
50711,0
71483,0
23692,0
56933,0
7461,0
62520,0
65129,0
59253,0
44616,0
27303,0
63619,0
12738,0
41621,0
28395,0
26044,0
70961,0
50141,0
13463,0
24332,0
49814,0
46053,0
32029,0
61517,0
5511,0
32610,0
54774,0
69984,0
18713,0
20203,0
14168,0
26127,0
47812,0
20645,0
56066,0
57113,0
13447,0
39435,0
66883,0
34231,0
46680,0
5916,0
36480,0
64215,0
45580,0
65547,0
13166,0
13608,0
54104,0
50463,0
38164,0
54856,0
66266,0
27419,0
26509,0
48833,0
64007,0
15657,0
36321,0
43770,0
67989,0
13174,0
43748,0
25666,0
55110,0
62395,0
37762,0
907,0
50674,0
45698,0
8787,1
10574,0
37202,0
32646,0
49589,0
61970,0
52349,0
15764,0
62913,0
21818,0
12529,1
12127,0
22482,0
41210,0
16163,0
41587,0
60199,0
41189,0
29059,0
54752,0
70800,0
14920,0
54095,0
58056,0
20774,0
60719,0
7030,0
11282,0
31828,0
17853,0
17949,0
2608,0
57798,0
51561,0
24432,0
25659,0
56227,0
48959,0
22560,0
29803,0
37170,0
8257,0
10398,0
65888,0
54340,0
57721,0
63489,0
16992,0
13852,0
38667,0
20496,0
45610,0
72153,0
16852,0
42175,0
41260,0
55337,0
10059,0
74947,0
45755,0
35085,0
12512,0
19458,0
5847,0
75064,0
58536,0
37949,0
28374,0
23311,0
66533,0
29177,0
24885,0
32719,0
61773,0
17944,0
46504,0
36513,0
49268,0
45623,0
75965,0
59088,0
75870,0
10684,0
45454,0
62890,0
74524,0
21091,0
8112,0
25553,0
14046,0
6704,0
22366,0
25192,0
28900,0
43243,0
28291,0
51581,0
2394,0
13044,0
73413,0
61154,0
44895,0
1886,0
75624,0
55662,0
73230,0
65254,0
47927,0
2489,0
18199,0
69172,0
69872,0
9709,0
36010,0
28221,0
74921,0
36251,0
17897,0
29998,0
68118,0
16621,0
23344,0
8147,0
48925,0
14439,0
52036,0
46417,0
65054,0
52170,1
53138,0
5997,0
9523,0
46587,0
28618,0
28834,0
43760,0
35855,0
31,0
60718,0
56521,0
76165,0
49517,0
23318,0
46896,0
35705,0
67699,0
3015,0
20466,0
56293,0
63788,0
59503,0
26039,0
11353,0
63605,0
25966,0
64695,0
50659,0
17952,0
52586,0
60389,0
13767,0
66377,0
68919,0
56118,0
47078,0
52133,0
66565,0
25726,0
4558,0
43853,0
29826,1
74882,0
36201,0
36684,0
54864,0
8581,0
61048,0
36085,0
69087,0
76033,0
45736,0
52900,0
23561,0
22230,0
11854,0
71158,0
39162,0
11137,0
70288,0
2152,0
57104,0
44233,0
72026,0
10133,0
23372,0
65210,0
30901,0
5220,0
76335,0
12793,0
23209,0
59067,0
557,0
64885,0
11386,0
64510,0
23323,0
2037,0
7748,0
50091,0
22931,0
48662,0
32678,0
67489,0
47076,0
15420,0
51227,0
46604,0
23767,0
29488,0
66750,0
43392,0
76510,0
23328,0
40261,0
43366,0
30317,0
7294,0
17325,0
30424,0
55391,0
17664,0
39992,0
41813,0
49789,0
42597,0
47288,0
6178,0
44607,0
55832,0
33025,0
38580,0
62444,0
41820,0
64660,0
27901,0
18457,0
16511,0
35726,0
43123,0
73626,0
34923,0
71242,0
43629,0
58400,0
57439,0
74444,0
51375,0
73336,0
63241,0
4806,0
29496,0
43968,0
11716,0
47799,0
65013,0
70758,0
65420,0
31393,0
13906,0
47872,0
30174,0
39369,0
6331,0
70490,0
28828,0
15161,0
44908,0
65212,0
76006,0
55351,0
11398,0
53997,0
34538,0
29508,0
4157,0
23063,0
17103,0
59603,0
1819,0
65756,0
22587,0
16364,0
12882,1
51118,0
8028,0
72697,0
23476,0
43058,0
1848,0
59970,0
35440,0
54431,0
38614,0
24950,0
55518,0
31624,0
12335,0
22636,0
34993,0
33612,0
17260,0
52940,0
62262,0
40213,0
28617,0
72825,0
43941,0
57337,0
52041,0
1408,0
29523,0
32246,0
58094,0
30416,0
66928,0
67005,0
57440,0
8688,0
68460,0
18373,0
59769,0
23330,0
9353,0
67352,0
33004,0
71029,0
25031,0
22311,0
34729,0
52654,0
45097,0
74833,0
35740,0
36096,0
42570,0
55212,0
74177,0
15882,0
14951,0
68091,0
16600,0
12134,0
55764,0
31982,0
59953,0
67479,0
65434,0
35538,0
65831,0
39243,0
3973,0
45409,0
61179,0
64729,0
49061,0
19677,0
59861,0
72378,0
41665,0
43138,0
48561,0
61732,0
56695,0
5509,0
8969,0
1137,0
50448,0
49411,0
42835,0
64506,0
6022,0
40624,0
75890,0
15435,0
14597,0
70558,0
38377,0
12852,0
26735,0
63218,0
66930,0
32421,0
61207,0
13347,0
69677,0
58591,0
40602,0
63091,0
21447,0
41549,0
33649,0
43223,0
48366,0
68664,0
10121,0
8058,0
72885,0
66288,0
36692,0
58217,0
4649,1
22427,0
17822,0
5102,0
49939,0
65680,0
58132,0
72932,0
4905,0
33150,0
9011,0
26506,0
17908,0
39380,0
35745,0
4491,0
43330,0
38576,0
60325,0
74542,0
55302,0
58299,0
72221,0
44098,0
46141,0
70176,0
47420,0
37831,0
72565,0
4598,0
41016,0
63453,0
41691,0
34127,0
66092,0
23246,0
56242,0
56466,0
67204,0
5674,0
59884,0
65593,0
41532,0
19745,1
41930,0
18591,0
8737,0
9521,0
23549,0
70151,0
14281,0
1942,0
47410,0
52997,0
10604,0
30057,0
1554,0
67264,0
12103,0
11129,0
74431,0
3531,0
38838,0
20986,0
23309,0
6100,0
48797,0
53941,0
65219,0
25893,0
67875,0
62166,0
27423,0
42702,0
21120,0
18619,0
69431,0
69420,0
71357,0
31481,0
50638,0
54407,0
40300,0
1404,0
4984,0
61136,0
45324,0
17604,0
44083,0
44906,0
44637,0
20918,0
24644,0
50877,0
74296,0
52800,0
59128,0
52729,0
9368,0
31574,0
25019,0
56874,0
11892,0
55985,0
39824,0
20883,0
48528,0
40055,0
23275,0
17933,0
34513,0
69865,0
48419,0
50181,0
75760,0
44096,0
35378,0
6583,0
60991,0
10396,0
38009,0
54970,0
4532,0
66330,0
59185,0
22847,0
22125,0
60678,0
14319,0
662,0
17648,0
57394,0
5811,0
29602,0
50926,0
65327,0
51578,0
35391,0
19448,0
61199,0
72475,0
16974,0
1513,0
43803,0
10787,0
33055,0
44870,0
64222,0
70932,0
46299,0
68999,0
74474,0
26205,0
26672,0
45941,0
10869,0
70777,0
16733,0
31924,0
43298,0
33415,0
55401,0
10970,0
67742,0
56390,0
57433,0
66298,0
70875,0
205,0
12167,0
23131,0
62378,0
6125,0
39265,0
67910,0
45123,0
30769,0
62918,0
60449,0
8468,0
4326,0
70446,1
65944,0
36380,0
43862,0
57692,0
28438,0
24717,0
7081,0
9428,0
16936,0
21964,0
38804,1
62104,0
43146,0
75142,0
14643,0
25084,0
7254,0
2614,0
53824,0
26260,0
52049,0
38203,0
17164,0
73427,0
47801,0
4073,0
70776,0
18683,0
62051,0
24154,0
57339,0
9042,0
27642,0
37710,0
47219,0
40002,1
45684,0
45486,0
67665,0
10061,0
2107,0
9700,0
28147,0
32144,0
55931,0
15594,0
11604,0
36884,0
33470,0
48617,0
29461,0
51737,0
46892,0
46532,0
51705,0
7697,0
46618,0
57389,0
3507,0
65771,0
5535,0
54947,0
3060,0
39903,0
58415,0
66950,0
2779,0
38671,0
61635,0
67962,0
21622,0
55593,0
10774,0
53785,0
21197,0
40024,0
20703,0
72472,0
4243,0
17683,0
1110,0
62352,0
42527,0
68660,0
19995,0
5928,0
41230,0
36739,0
1681,0
56860,0
41851,0
47834,0
12260,0
45860,0
29287,0
67271,0
20457,0
7290,0
4052,0
29856,0
27828,0
46564,0
66925,0
41174,0
25941,0
48118,0
60094,0
42192,0
23048,0
43822,0
50374,1
36592,0
3671,0
31938,0
63785,0
54643,0
12610,0
41790,0
5715,0
73053,0
74225,0
45856,0
38499,0
46842,0
57577,0
55084,0
53688,0
34436,0
74471,0
73318,0
43316,0
47959,0
16226,0
34327,0
23982,0
16746,0
35034,0
45631,0
61148,0
28616,0
72155,0
55272,0
31958,0
10451,0
72395,0
74879,0
71995,0
69126,0
39888,0
40144,0
54751,0
38526,0
33518,0
9195,0
32132,0
74214,0
16352,0
64363,0
42648,0
26165,0
10719,0
44311,0
1063,0
40393,0
31260,0
41966,0
45955,0
28204,0
65933,0
8993,0
2812,0
30906,0
61666,0
11450,0
21409,0
66131,0
42131,0
2743,0
44023,0
18100,0
9218,0
20583,0
38741,0
67987,0
162,0
74300,0
49686,0
37066,0
74522,0
32090,0
10596,0
11477,0
1912,0
71369,0
7635,0
23927,0
70663,0
43385,0
40709,0
49883,0
17253,0
68650,0
12514,0
63408,0
49879,0
53895,0
19769,0
75644,0
15059,0
11075,0
63003,0
72547,0
64804,0
37291,0
31736,0
66332,0
39771,0
45562,0
67917,0
41183,0
35055,0
22707,0
44228,0
44800,0
64032,0
34737,0
29071,0
47778,0
69617,0
3959,0
41172,0
50030,0
27379,0
1684,0
20240,0
13332,0
20211,0
60506,0
10145,0
66987,0
52521,0
1120,0
51520,0
5596,0
33453,0
65070,0
68231,0
30051,0
69991,0
45328,0
2236,0
37223,0
34736,0
76454,0
17063,0
55550,0
45143,0
9538,0
55960,0
8681,0
75947,0
65900,0
72427,0
18574,0
46431,0
31329,0
29152,0
21063,0
55603,0
12665,0
28942,0
76509,0
3375,0
74193,0
39775,0
66038,0
61010,0
1027,0
74659,0
58717,0
63117,1
23233,0
68382,0
4550,0
69801,0
44584,0
23609,0
41278,0
55731,0
73048,0
34373,0
1400,0
57069,0
47909,0
38506,0
35954,0
43247,0
62804,0
477,0
58123,0
45491,0
64634,0
22074,0
58945,0
147,0
65130,0
60602,0
55266,0
58462,1
52482,0
73124,0
29905,0
7116,0
2307,0
14792,0
27594,0
65801,0
75124,0
49941,0
38424,0
17609,0
1121,0
18105,0
21082,0
2397,0
13896,0
39844,0
21700,0
6949,0
1282,0
8043,0
59063,0
62961,0
11808,0
37133,0
40309,0
26338,0
23461,0
32710,0
35209,0
12262,1
64011,0
32775,0
53236,0
65097,0
71270,0
32652,0
53631,0
14912,0
30762,0
30303,0
39573,0
30895,0
50484,0
45840,0
9968,0
22712,0
37675,0
7190,0
48180,0
23644,0
32235,0
48970,0
35217,0
1021,0
19319,0
26431,0
72519,0
32210,0
35503,0
9889,0
12400,0
10812,0
67148,0
50098,0
52387,0
71983,0
28099,0
42937,0
46841,0
69739,0
43053,0
36671,0
12500,0
24004,0
2746,0
50323,0
72988,0
33665,0
408,0
24483,0
73965,0
25596,0
25917,0
47550,0
37277,0
73950,0
43540,0
60181,0
4671,0
3134,0
44529,0
8271,0
12037,0
69077,0
13622,0
57675,0
51612,0
46151,0
67105,0
72744,0
60815,0
67568,0
24625,0
42117,0
38109,0
70508,0
47209,0
38325,0
4664,0
57824,0
30996,0
75639,0
63901,0
5948,0
11246,0
27616,0
21497,0
47,0
30904,0
22918,0
54171,0
47835,0
38130,0
33882,0
1475,0
38006,0
43204,0
5504,0
40576,0
17486,0
18837,0
45670,0
27367,0
21011,0
64615,0
24901,0
43483,0
58265,0
42057,0
63650,0
14940,0
68315,0
37756,0
50832,0
59588,0
18074,0
16312,0
69924,0
13547,0
52026,0
31243,0
22344,0
54085,0
56797,0
2802,0
58569,1
42205,0
63260,0
8100,0
43700,0
64371,0
8264,0
37143,0
29910,0
55055,0
42966,0
23096,0
15808,0
76190,0
67847,0
36963,0
2017,0
75477,0
25938,0
32948,0
31664,0
47779,0
33472,0
47878,0
73846,0
27043,0
34743,0
3123,0
67381,0
20454,0
68735,0
11012,0
12088,0
15528,0
63498,1
58302,0
5990,0
21886,0
34129,0
17184,0
42916,0
75369,0
25379,0
24258,0
54611,0
50180,0
8914,0
67443,0
46573,0
16858,0
41717,0
57359,0
26741,0
26841,0
29515,0
48092,0
46793,0
49857,0
15608,0
72916,0
66620,0
14560,0
34064,1
73379,0
280,0
10349,0
43345,0
965,0
42417,0
46233,0
12090,0
58340,0
2800,0
61244,0
31273,0
52012,0
11266,0
71152,0
18654,0
16215,0
13129,0
29384,0
46039,0
38449,0
28459,0
41387,0
2241,0
14094,0
22113,0
33474,0
35962,0
59657,0
18846,0
25748,0
17360,0
71015,0
43676,0
42198,0
55660,0
41723,0
51714,0
40612,0
27062,0
28581,0
54045,0
41598,0
14436,0
76156,0
38547,0
71156,0
54227,0
73529,0
36833,0
67285,0
56479,0
67734,0
71082,0
11401,0
53721,0
22463,0
5940,0
63482,0
48122,0
51073,0
39199,0
26524,0
35678,0
10769,0
5052,0
52786,0
28324,0
75386,0
50616,0
19777,0
42256,0
66051,0
7002,0
28652,0
47500,0
27253,0
18810,0
35015,0
59765,0
50524,0
28825,0
31466,0
71238,0
26095,0
71914,0
43293,0
54801,0
789,0
34467,0
22043,0
50937,0
45805,0
43446,0
62883,0
71444,0
21581,0
54224,0
24181,0
50545,0
63436,0
12176,0
28279,0
20131,0
3376,0
910,0
67757,0
12457,0
23923,0
63574,0
40548,0
16498,0
67978,0
11382,0
31653,0
31095,0
16749,0
59381,0
65374,0
59672,0
42403,0
64138,0
62615,0
63413,0
61056,0
42550,0
62141,0
58202,0
47122,0
36961,0
65221,0
6310,0
1146,0
25988,0
13922,0
74468,0
3889,0
6419,0
70693,0
24481,0
21314,0
5889,0
53337,0
52191,1
54869,0
34058,0
30635,0
24239,0
23052,0
37733,0
33250,0
13795,0
73937,0
18566,0
73516,0
60103,0
74477,0
19582,0
38270,0
1125,0
37792,0
50058,0
56360,0
56793,0
6904,0
9062,0
61090,0
24996,0
11247,0
40581,0
58980,0
28285,0
54090,0
37030,0
24011,0
47421,0
20271,0
16308,0
53536,0
60348,0
75004,0
9467,0
16618,0
29247,0
64492,0
42552,0
5626,0
23427,0
47034,0
45352,0
61125,0
29630,0
58204,0
55724,0
36419,0
40577,0
46000,0
10740,0
32328,0
69478,0
45498,0
18850,0
58998,0
43433,0
72710,0
27716,0
75191,0
3919,0
76053,0
8764,0
36785,0
56648,0
44273,0
35769,0
60607,0
56801,0
26074,0
61722,0
7831,0
25394,0
54329,0
69820,0
3783,0
59958,0
75433,0
50400,0
19813,0
20524,0
67615,0
73177,0
65487,0
29889,0
27671,0
35869,0
54343,0
49981,0
27407,0
28111,0
40044,0
49153,0
1118,0
69736,0
46427,0
60577,0
71979,0
71211,0
50036,0
18715,0
63823,0
15957,0
49445,0
32558,0
18446,0
58117,0
1545,0
53774,0
72893,0
36738,0
10617,0
63522,0
27575,0
32619,0
64345,0
57353,0
51676,0
20753,0
6300,0
62148,0
25129,0
36017,0
15048,0
31175,0
8943,0
38060,0
17990,0
41618,0
57946,0
71071,0
51196,0
62409,0
71415,0
49102,0
140,0
40296,0
63194,0
68461,0
10023,0
36135,0
65377,0
5083,0
17409,0
18831,0
53440,0
61861,0
69738,0
8303,0
19909,1
21184,0
61716,0
22231,0
43576,0
9231,0
2882,0
49178,0
38829,0
51156,0
8811,0
5321,0
62105,0
43454,0
64146,0
15755,0
16170,0
48491,0
45561,0
35084,0
75842,0
59469,0
69596,0
40589,0
26151,0
56564,0
52626,0
10751,0
39602,0
11162,0
4965,0
72379,0
8126,0
8958,0
29415,0
18582,0
35601,0
11653,0
54126,0
41909,0
40053,0
60616,0
40286,0
71290,0
32957,0
36564,0
48103,0
30323,0
5005,0
34725,0
12473,0
65862,0
23215,0
3255,0
14186,0
34382,0
18036,0
51817,0
30534,0
66668,0
24065,0
19367,0
54522,0
14443,0
42236,0
45886,0
61444,0
12805,0
16199,0
54528,0
35354,0
3497,0
71212,0
13499,0
70862,0
5202,0
48142,0
74956,0
19341,0
33242,0
64248,0
70236,0
60597,0
61013,0
36195,0
11973,0
73180,0
31990,0
49847,0
23315,0
66107,0
73732,0
36777,0
59914,0
22686,0
57493,0
23456,0
57605,0
19620,0
20001,0
74016,0
3716,0
68529,0
44056,0
65774,0
7019,0
3796,0
9186,0
65877,0
62116,0
30353,0
48618,0
5781,0
606,0
26081,0
48137,0
56472,0
58456,0
5358,0
51254,0
70965,0
28729,0
30499,0
70492,0
15783,0
49175,0
59219,0
21797,0
42901,0
22223,0
45376,0
47229,0
74145,0
61942,0
8367,0
48066,0
25464,0
33557,0
49339,0
73928,0
71005,0
35711,0
24025,0
33740,0
54337,0
25391,0
454,0
61354,0
24449,0
35387,0
16184,0
27450,0
70383,0
5427,0
45714,0
31477,0
42213,0
1084,0
69141,0
23595,0
37395,0
61051,0
17268,0
23709,0
73722,0
22137,0
58104,0
54669,0
6681,0
46286,0
41126,0
65253,0
67287,0
40154,0
58716,0
26350,0
33655,0
26605,0
67913,0
56186,0
62425,0
63458,0
12129,0
12737,0
60549,0
56080,0
3440,0
37195,0
49899,0
53988,0
23996,0
7360,0
34174,0
21219,0
56107,0
65688,0
53465,0
34262,0
52986,0
39180,0
13063,0
53662,0
73169,0
21092,0
28193,0
63376,0
1903,0
21165,0
12108,0
48246,0
17625,0
74303,1
36126,0
62822,0
14482,0
46964,0
3677,0
27959,0
14750,0
23772,0
51651,0
3033,0
60564,0
56571,0
72792,0
40658,0
73209,0
49958,0
11336,0
41497,0
64451,0
70795,0
40605,0
45175,0
38290,0
51259,0
28095,0
64089,0
13357,0
70044,0
5635,0
15039,0
51389,0
25616,0
69220,0
36306,1
31322,0
34483,0
50040,0
45861,0
71299,0
32026,0
46945,0
48328,0
25705,0
20417,0
73834,0
44549,0
43107,0
20440,0
8763,0
74216,0
69128,0
74035,0
21367,0
1058,0
1963,0
39545,0
2288,0
52697,0
11652,0
50884,0
38195,0
38294,0
13820,0
63843,0
44359,0
45027,0
5746,0
33066,0
10695,0
57059,0
68845,0
66877,0
36901,0
42596,0
25187,0
18001,0
69784,0
66180,0
31767,0
59839,0
59456,0
57210,0
67678,0
19651,0
35550,0
43601,0
20655,0
62901,0
21241,0
23514,0
48968,0
3345,0
11836,0
43413,0
51078,0
65869,0
56768,0
32545,0
19211,0
39415,0
51629,0
25856,0
11315,0
22500,0
44713,0
61838,0
14828,0
10239,0
64931,0
54490,0
23062,0
58756,0
30019,0
22250,0
36455,0
32917,0
70677,0
21007,0
5617,1
46170,0
36914,0
10847,0
24990,0
54230,0
16747,0
16348,0
48817,0
16762,0
9193,0
48207,0
72798,0
57169,0
30354,0
45172,0
58668,0
58767,0
56372,0
62299,0
44489,0
68325,0
50321,0
7055,0
24000,0
19336,0
43051,0
47964,0
29718,0
51362,0
64786,0
20141,0
1846,0
42103,0
21075,0
54333,0
42355,0
44975,0
50130,0
44308,0
69230,0
53930,0
23195,1
4789,0
38380,0
66844,0
4936,0
2338,0
57624,0
3836,0
56425,0
72402,0
49233,0
58100,0
50203,0
23375,0
31232,0
39858,0
2993,0
19148,0
57533,0
64310,0
17568,0
43341,0
42141,0
60516,0
40410,0
48544,0
38895,0
31055,0
23890,0
31947,0
20206,0
23271,0
34898,0
38136,0
51256,0
74418,0
13881,0
63062,0
72139,0
41606,0
17599,0
8644,0
38555,0
43589,0
52167,0
68744,0
55010,0
5319,0
29775,0
32681,0
70966,0
72167,0
66689,0
6141,0
48182,0
1851,0
69461,0
15878,0
22138,0
44694,0
42257,0
20328,0
66157,0
6729,0
56697,0
12818,0
4174,0
57255,0
3845,0
37648,0
72461,0
68105,0
58518,1
25963,0
45393,0
35009,0
7142,0
30661,0
40578,0
17393,0
47056,0
16242,0
54170,0
28762,0
15503,0
46607,0
19575,0
7311,0
37893,0
67557,0
4729,0
34641,0
72528,0
4915,0
18798,0
31687,0
19627,0
22919,0
8694,0
36817,0
55372,0
16049,0
56761,0
63164,0
46706,0
45202,0
29275,0
15962,0
18350,0
31655,0
62226,0
62364,0
1375,0
7758,0
44211,0
41117,0
52330,0
72855,0
31443,0
14600,0
27621,0
16806,0
1633,0
56635,0
15550,0
50599,0
54850,0
1363,0
28622,0
74601,0
44705,0
16153,0
9294,0
68153,0
29317,0
20324,0
7129,0
27692,0
15615,0
15221,0
27217,0
24854,0
21850,0
43466,0
21740,0
59971,0
14553,0
36373,0
5118,0
60355,0
31589,0
60193,0
12787,0
24019,0
68385,0
15696,0
54776,0
2003,0
36887,0
76097,0
47542,0
68698,0
65912,0
27859,0
59630,0
21383,0
1268,0
50944,0
17852,0
44084,0
35854,0
46226,0
12732,0
15158,0
3044,0
74358,0
41364,0
50670,0
22487,0
69568,0
33176,0
5919,0
67227,0
22181,0
73640,0
15361,0
12053,0
28585,0
59210,0
49363,0
13825,0
50068,0
9720,0
13911,0
11703,0
56229,0
34349,0
9019,0
61032,0
35643,0
31851,0
45624,0
74430,0
54786,0
19133,0
62827,0
10410,0
69700,0
7301,0
6416,0
20574,0
61263,0
41086,0
32937,0
7904,0
61081,0
39860,0
6760,0
39464,0
73267,0
45246,0
16912,0
29667,0
30081,0
19924,0
65818,0
33519,0
45122,0
32388,0
36278,0
44137,0
12010,0
60712,0
76024,0
53507,1
65732,0
50213,0
14935,0
72416,0
46633,0
6983,0
63263,0
17130,0
19556,0
4732,0
35468,0
4665,0
19693,0
73966,0
16968,0
66635,0
70053,0
33422,0
37598,0
58617,0
17112,0
3435,0
762,0
39737,0
11255,0
57487,0
22637,0
40745,0
24458,0
75062,1
56974,0
64637,0
6043,0
21078,0
47335,0
18956,0
5782,0
25940,0
48190,0
76361,0
15434,0
22818,0
16172,0
74143,0
68497,0
17606,0
1041,0
50008,0
37906,0
64047,0
65449,0
40225,0
21019,0
47558,0
19971,0
16658,0
27668,0
22171,0
32850,0
57813,0
5654,0
22557,0
36295,0
73660,0
72037,0
25896,0
21014,0
74917,0
56597,0
44738,0
29814,0
40258,0
54541,0
22369,0
62657,0
49672,0
69300,0
48880,0
22383,0
69038,0
57368,0
19779,0
66704,0
68384,0
21455,0
26239,0
56824,0
29912,0
9774,0
18599,0
65689,0
40077,0
44130,0
9510,0
56669,0
73674,0
44065,0
40675,0
11537,0
19796,0
60668,0
24705,0
75515,0
39640,0
43838,0
5581,0
34902,0
46363,0
46478,0
73763,0
76449,0
71169,0
61103,0
35697,0
51825,0
48311,0
2117,0
31994,0
28378,0
16798,0
70140,0
22572,0
65324,0
41753,0
195,1
3829,0
4910,0
58573,0
30688,0
64156,0
13509,0
23528,0
32628,0
66802,0
34273,0
57694,0
61382,0
71849,0
39697,0
21138,0
39744,0
57361,0
34783,0
18447,0
58959,0
60725,0
63060,0
64577,0
21712,0
66851,0
33826,0
35385,0
17400,0
46851,0
35730,0
36279,0
75024,0
51870,0
58598,0
50039,0
24797,0
49438,0
17902,0
32418,0
8197,0
73313,0
4742,0
52439,0
11283,0
62863,0
29664,0
68404,0
61202,0
2978,0
58542,1
14723,0
3145,0
20191,0
14298,0
69773,0
54393,0
5547,0
25942,0
43648,0
53476,0
92,0
16451,0
47060,0
64998,0
51255,0
7074,0
60450,0
56469,0
29073,0
55018,0
67016,0
30025,0
70424,0
15563,0
18589,0
19248,0
32314,0
59388,0
17688,0
5612,0
14226,0
72958,0
34935,1
52320,0
60470,0
11014,0
73403,0
56047,0
14958,0
53000,0
22778,0
40108,0
63791,0
16917,0
14808,0
9804,0
34615,0
65317,0
24040,0
14785,0
18243,0
55044,0
34220,0
34919,0
42493,0
11295,0
40716,0
70419,0
28068,0
27805,0
27748,0
34917,0
58249,0
70482,1
47231,0
33609,0
5453,1
57010,0
66226,0
7573,0
58770,0
72793,0
17963,0
68426,0
48131,0
2137,0
881,0
12786,0
66235,0
1539,0
7209,0
60276,0
13213,0
61685,0
22923,0
34428,0
12630,0
66570,0
42549,0
60990,0
67777,0
39365,0
3776,0
62499,0
3436,0
42976,0
45051,0
9273,0
31751,0
19792,0
43733,0
2859,0
10238,0
42873,0
8208,0
10432,0
18678,0
38015,0
68762,0
32315,0
63234,0
1635,0
76002,0
51784,0
73305,0
20828,0
17850,0
15122,0
6287,0
9529,0
14135,0
4877,0
16823,0
19591,0
65807,0
46142,0
46132,0
61483,0
9183,0
57277,0
4971,0
45611,0
67403,0
10893,0
772,0
30401,0
56014,0
6901,0
75029,0
75631,0
33110,0
19386,0
6599,0
29754,0
18424,0
45665,0
19606,0
49202,0
18164,0
13798,0
49898,0
2225,0
45181,0
63805,0
32180,0
10548,0
75330,0
64357,0
46565,0
10499,0
17060,0
61975,0
12177,0
70441,0
35701,0
31833,0
40322,0
33384,0
20054,0
62236,0
56214,0
2461,0
37525,0
57814,0
49307,0
74521,0
10050,0
46031,0
23333,0
33543,0
25884,0
73858,0
10103,0
45902,0
20019,0
22520,0
52329,0
12451,0
59197,0
35411,0
53179,0
64022,0
16545,0
67098,0
10078,0
1210,0
72352,0
18290,0
20718,0
53752,0
10259,0
2103,0
70059,0
48012,0
6749,0
40353,0
65555,0
42960,0
8669,0
27927,0
19210,0
23161,0
72664,0
14463,0
33573,0
44224,0
24320,0
7814,0
63450,0
31986,0
27910,0
66528,0
47985,0
53847,0
50318,0
65224,0
26764,0
8839,0
39214,0
63444,0
34723,0
55291,0
29154,1
30640,0
47289,0
66045,0
58345,0
9952,0
28381,0
4311,0
1382,0
42470,0
60267,0
47802,0
8340,0
24215,0
34712,0
74826,0
26657,0
24127,0
20478,0
43331,0
11306,0
28480,0
24928,0
62333,0
42379,0
4571,1
34566,0
29655,0
38678,0
14576,0
3871,0
17228,0
52638,0
41371,0
19879,0
25746,0
34856,0
25677,0
57202,0
51627,0
21355,0
35390,0
9012,0
31985,0
57496,0
31739,0
35045,0
10030,0
3726,0
56347,0
73395,0
17693,0
46516,0
20592,0
46147,0
26356,0
70426,0
65288,0
25177,0
12483,0
14369,0
18902,0
21458,0
3643,0
10593,0
73010,0
62275,0
15950,0
60624,0
14487,0
75482,0
33095,0
389,0
68971,0
74673,0
7840,0
34549,0
47226,0
10749,0
19100,0
52200,0
56290,0
6061,0
43068,0
61145,0
6569,0
25302,0
65720,0
74551,0
71855,0
47720,1
25604,0
75292,0
19417,0
23277,0
67717,0
927,0
12627,0
12248,0
38924,0
21878,0
51099,0
11060,0
56885,0
44882,0
49301,0
31619,0
68707,0
32440,0
42152,0
72713,0
72745,0
38150,0
60124,0
10607,0
69883,0
16997,0
39649,0
1052,0
39723,0
32078,0
69934,0
61744,0
55936,0
53044,0
9844,0
50442,0
51152,0
59261,0
8801,0
69960,0
44261,0
24407,0
12560,0
10681,0
48603,0
27950,0
3302,0
18005,0
58451,0
2305,0
40307,0
8716,0
48656,0
38127,0
49204,0
51104,0
40721,0
49453,0
52616,0
39615,0
39597,0
54046,0
20253,0
12601,0
21768,0
74560,0
14590,0
15877,0
23304,0
2897,0
1330,0
3652,0
7028,0
2063,0
17849,0
3954,0
19220,0
46434,0
39713,0
29843,0
47492,0
72516,0
59841,0
2386,0
31198,0
54290,0
47939,0
59290,1
48208,0
45598,0
30061,0
51761,0
50368,0
13446,0
9437,0
15976,0
74906,0
742,0
645,0
16122,0
54010,0
52432,0
6392,0
65766,0
25729,0
31948,0
72495,0
25817,0
68235,0
45899,0
60109,0
49288,0
18618,0
16725,0
51066,0
66007,0
20567,0
12354,0
16954,0
10203,0
66301,0
6018,0
19890,0
37650,0
54899,0
30900,0
30977,0
73063,0
34426,0
25721,0
71649,0
65043,0
75072,0
55376,0
14356,0
33414,0
21527,0
68941,0
39746,0
29294,0
37165,0
44251,0
29466,0
11439,0
10221,0
50281,0
72320,0
53299,0
3517,0
50568,0
59938,0
58845,0
16171,0
16212,0
39854,0
23833,0
5455,0
43569,0
29913,0
52658,0
72871,0
45114,0
49158,0
55119,0
28703,0
15204,0
42500,0
4819,0
53001,0
47030,0
4460,0
20067,0
48325,0
30932,0
57114,0
20387,0
67971,0
41408,0
60548,0
53938,0
57551,0
62438,1
18742,0
28717,0
58071,0
35583,0
35603,0
40792,0
6730,0
53462,0
39855,0
57816,0
38784,0
22204,0
23957,0
20924,0
75308,0
58942,0
50023,0
71391,0
48718,0
29926,0
36493,0
60334,0
514,0
61799,0
45888,0
35509,0
2699,0
26703,0
32283,0
21626,0
4672,0
34645,0
53216,0
9418,0
8213,0
36518,0
33258,0
24419,0
53555,0
67081,0
69507,0
72356,0
6072,0
50383,0
38266,0
3807,0
50753,0
37294,0
176,0
40902,0
55325,0
28957,0
11990,0
5936,0
26882,0
13645,0
44351,0
36572,0
55737,0
20198,0
74397,0
73994,0
33112,0
39059,0
73210,0
62517,0
17097,0
43167,0
4911,0
46732,0
56936,0
17264,0
44270,0
59237,0
40848,0
3209,0
8440,0
10759,0
29922,0
726,0
27310,0
51546,0
5079,0
6880,0
30244,0
75795,0
31586,0
42392,0
9436,0
64696,0
40535,0
22977,0
59744,0
65486,0
15700,0
37707,0
58869,0
54410,0
26304,0
14453,0
5732,0
63836,0
22921,0
28358,0
25763,0
52910,0
524,0
53560,0
54612,0
4431,0
61826,0
7023,0
74525,0
14889,0
50839,0
74212,0
28557,0
63980,0
36718,0
7538,0
20160,0
47586,0
1215,0
72735,0
46862,0
11126,0
44869,0
73832,0
34832,0
75894,0
48930,0
75852,0
47594,0
70702,0
15190,0
61609,0
13875,0
74008,1
626,0
59545,0
18787,0
72690,0
39940,0
21094,0
65335,0
1032,0
43056,1
62315,0
56112,0
11659,0
76382,0
63151,0
18017,0
31626,0
43493,0
46365,0
8689,0
51264,0
9515,0
44072,0
52657,0
60942,0
49146,0
46524,0
42228,0
4233,0
46379,0
20276,0
74160,0
48691,0
73771,0
65974,0
31595,0
11833,0
1273,0
50418,0
30874,0
8039,0
33347,0
4636,0
35330,0
41136,0
5186,0
68817,0
41388,0
62926,0
4092,0
29135,0
43369,0
51790,0
35517,0
4635,0
11095,0
34594,0
31336,0
35560,0
57676,0
11078,0
7614,0
53098,1
27700,0
62200,0
63230,0
5833,0
46636,0
66605,0
46261,0
69979,0
13670,0
59200,0
38022,0
71660,0
75695,0
69945,0
19475,0
18732,0
45522,0
14620,0
65921,0
27095,0
64736,0
14729,0
45672,0
61992,0
58092,0
39822,0
65852,0
35955,0
75511,0
52978,0
53331,0
36669,0
5745,0
41666,0
9956,0
46628,0
54857,0
5433,0
71597,1
26713,0
62078,0
75605,0
61564,0
23103,0
36966,0
3899,0
73644,0
26500,0
27592,0
62239,0
42050,0
17076,0
31120,0
53047,0
59801,0
57531,0
51278,0
47292,0
37144,0
16718,0
59100,1
75479,0
49437,0
9004,0
15927,0
40814,0
10667,0
62563,0
9724,0
37795,0
67517,0
20728,0
62172,0
50879,0
13869,0
66566,0
22498,0
4338,0
3201,0
64293,0
33037,0
683,0
4964,0
64580,0
6209,0
34472,0
18174,0
24880,0
55096,0
60615,0
58661,0
10407,0
33368,0
35376,0
39867,0
21508,0
39791,1
13268,0
72003,0
49424,0
23974,0
36509,0
11,0
74553,0
14117,0
5032,0
55013,0
9559,0
72384,0
5742,0
58650,0
29194,0
75950,0
33371,0
39699,0
44762,0
36797,0
8672,0
34137,0
52921,0
35181,0
63348,0
13028,0
38553,0
45478,0
73029,0
53233,0
76187,0
15515,0
70590,0
11720,0
11805,0
5322,0
54766,0
40788,0
55937,0
69814,0
46191,0
18598,0
425,0
58227,0
62693,0
14112,0
17306,0
42718,0
22147,0
60107,0
73113,0
19482,0
9577,0
7502,0
29439,0
75248,0
44369,0
49697,0
29719,0
21272,0
51074,0
15186,0
15430,0
16418,0
16476,0
35763,0
13294,0
56840,0
30394,0
23058,0
66009,0
43925,0
52369,0
14508,0
40257,0
62746,0
4788,0
25556,0
70381,0
61349,0
68557,0
42778,0
44129,0
42707,0
58441,0
75381,0
39353,0
50149,0
6369,0
6471,0
19429,0
17634,0
76425,0
16012,0
34925,0
8383,0
23386,0
37767,0
66086,0
67597,0
68598,0
48932,0
54214,0
22410,0
8550,0
4209,0
25984,0
34362,0
49878,0
75168,0
4185,0
34293,0
57575,0
28216,0
24461,0
35255,0
60704,0
72273,0
14725,0
50721,0
25004,0
49670,0
36021,0
26220,0
56990,0
45933,0
72658,0
10983,0
32840,0
779,0
14952,0
59189,0
63328,0
21946,0
70046,0
36543,0
42754,0
54705,0
20425,0
32692,0
50560,0
28625,0
75777,0
60232,0
65203,0
46388,0
76070,0
5859,0
74768,0
76059,0
67923,0
4674,0
2841,0
9387,0
61289,0
74543,0
71851,0
33894,0
11408,0
67339,0
57998,0
10195,0
4397,0
59044,0
71343,0
48619,0
4669,0
47870,0
15736,0
53348,0
54706,0
22374,0
48913,0
33867,0
39264,0
66065,0
21312,0
42531,0
38292,0
73375,0
9587,0
70172,0
36670,1
29266,0
45782,0
22061,0
74062,0
63422,0
24049,0
825,0
69442,0
44445,0
2239,0
29955,0
45572,0
54595,0
73757,0
25841,0
58226,0
70868,0
61047,0
59141,0
55852,1
27903,0
18722,0
70977,0
56413,0
16870,0
45880,0
35135,0
23258,0
34547,0
10270,0
3857,0
65864,0
61661,0
41409,0
53813,0
59003,0
16229,0
60890,0
58065,0
36192,0
53906,0
41027,0
33545,0
24769,0
43841,0
30399,0
4987,0
50816,0
44099,0
928,0
22076,0
14876,0
72247,0
31604,0
73222,0
58931,0
30796,0
13089,0
14357,0
70261,0
74674,0
41967,0
60851,0
15723,0
42789,0
15601,0
50555,0
26311,0
19026,0
13562,0
45311,0
36941,0
68098,0
55789,0
21213,0
69735,0
43135,0
51214,0
2108,0
18228,0
75937,0
14008,0
7873,0
42225,0
18522,0
65958,0
66342,0
14364,0
28584,0
35345,0
14386,0
32003,0
8503,0
61764,0
69842,0
59183,0
50809,0
16455,0
20205,0
42423,0
72622,0
14138,0
41759,0
18691,0
62094,0
66969,0
19197,0
28126,0
45211,0
1666,0
74535,0
61703,0
18179,0
75562,0
20076,0
36073,0
49980,0
26063,0
40855,0
62199,0
27723,0
38162,0
52766,0
60741,0
64597,0
49349,0
57607,0
64450,0
63495,0
26643,0
27032,0
62631,0
46246,0
55495,0
35767,0
37365,0
27918,0
70745,0
70371,0
28253,0
21531,0
61481,0
26390,0
47600,0
51860,0
18291,0
17572,0
13969,0
44490,0
21306,0
22969,0
56709,1
60501,1
31100,0
65050,0
5035,0
23614,0
46080,0
43,0
42769,0
71945,0
73474,0
48021,0
15041,0
51200,0
26972,0
44551,0
31146,0
17827,0
33516,0
39242,0
16738,0
31735,0
37028,0
10951,0
38917,0
18240,0
36047,0
62774,0
39159,0
28876,0
36847,0
38158,0
8016,0
7799,0
4543,0
39827,0
28443,0
28515,0
42680,0
75075,0
4093,0
14939,0
62678,0
55813,0
59259,0
9758,0
37307,0
51815,0
34630,0
11181,0
53981,0
43328,0
8945,0
48669,0
61692,0
29420,0
54579,0
29795,0
4885,0
35119,0
45142,0
70471,0
72424,0
39169,0
49726,0
10141,0
26099,0
42174,0
21326,0
30921,0
55039,0
67303,0
35689,0
31200,0
58555,0
17907,0
43023,0
32435,0
47379,0
19603,0
68867,0
66087,0
29423,0
53828,0
11387,0
50096,0
24526,0
31427,0
8344,0
46943,0
54762,0
24830,1
6284,0
36810,0
49502,0
45731,0
69381,0
31274,0
33168,0
70823,0
75544,0
58093,0
60629,0
41923,0
15028,0
49659,0
25741,0
38514,0
64572,0
69923,0
11938,0
29688,0
25412,0
33546,0
62379,0
27298,0
18370,0
45963,0
30593,0
21782,0
43810,0
2184,0
12490,0
63093,0
13999,0
64784,0
19127,0
47144,0
9662,0
1981,0
52398,0
34869,0
16070,0
65623,0
22753,0
61843,0
57328,0
23804,0
23720,0
9677,0
74733,0
71940,0
56887,0
72389,0
7918,0
2951,0
15454,0
4361,0
47163,0
29848,0
55847,0
10175,0
6763,0
11661,0
49470,0
44659,0
71108,0
45732,0
58336,0
9417,0
73959,0
40917,0
64641,0
72132,0
11799,0
20944,0
37100,0
70262,0
18608,0
1714,0
18197,0
44523,0
44321,0
43423,0
68532,0
68474,0
65962,0
37761,0
62091,0
25767,0
41648,0
20927,0
54759,0
64574,0
15106,0
57888,0
18564,0
14435,0
26482,0
26413,0
8499,0
7424,0
34905,0
28659,0
24868,0
46598,0
39285,0
48108,0
7876,0
351,0
18,0
54620,0
44798,0
6782,0
4328,0
21795,0
27912,0
73117,0
15368,0
60672,0
13077,0
185,0
46228,0
15887,0
42308,0
38163,0
34304,0
18097,0
35752,0
28527,0
70231,0
66215,0
17960,0
65073,0
60456,0
5625,0
60642,0
12459,0
72908,0
32469,0
64217,0
8065,0
27330,0
11870,0
3940,0
144,0
54836,0
62638,0
63171,0
24036,0
14942,0
73560,0
33565,0
24538,0
62103,0
33783,0
73208,0
71218,0
31164,0
30677,0
36027,0
45680,0
58171,0
47626,0
7862,0
40894,0
75929,0
30760,0
30204,0
51470,0
1086,0
56453,0
2876,0
25751,0
52258,0
75444,0
38463,0
31647,0
24783,0
68430,0
26192,0
17665,0
61922,0
3526,0
37418,0
45417,0
7534,0
4190,0
19342,0
62747,0
37203,0
39103,0
59032,0
50377,0
27644,0
68799,0
17957,0
29793,0
19707,0
33164,0
21942,0
65758,0
69358,0
20649,0
43620,0
24151,0
6294,0
74205,0
5246,0
58718,0
41238,0
17304,0
57805,0
29641,0
44229,0
45010,0
31646,0
49588,0
42068,0
19286,0
17534,0
20215,0
12740,0
44901,0
70844,0
44564,0
26275,0
40285,0
61837,0
31551,0
36227,0
42093,0
55511,0
42686,0
32934,0
39293,0
44252,0
7385,0
73098,0
34211,0
28685,0
69366,0
14303,0
65932,0
11684,0
31553,0
66230,1
12946,0
15935,0
67930,0
41855,0
59177,0
34444,0
71012,0
20683,0
25914,0
17382,0
43526,0
35969,0
52462,0
50855,0
64753,0
55760,0
64918,0
50662,0
13273,1
72677,0
55700,0
3893,0
11861,0
32064,0
55290,0
72019,0
37999,0
22704,0
55816,0
27729,0
43171,0
29417,0
50493,0
17629,0
2351,0
8916,0
8473,0
56103,0
68316,0
53421,0
5560,0
63794,0
32098,0
51122,0
20904,0
10689,0
63137,0
24635,0
8193,0
6509,0
31514,0
31084,0
5758,0
71105,0
49970,0
27791,0
64536,0
27670,0
39344,0
67712,0
9972,0
43117,0
42419,0
20670,0
52243,1
4546,0
72405,0
4264,0
56057,0
3608,1
3279,0
12344,0
19699,0
20098,0
63851,0
69977,0
453,0
25346,0
13157,0
64183,0
36959,0
30761,0
50059,0
59329,0
68686,0
33248,0
46206,0
1884,0
64244,0
64263,0
36015,0
42401,0
70919,0
54568,0
48232,0
30926,0
2852,0
23950,0
74735,0
73286,0
17157,0
66799,0
17210,0
23002,0
67371,0
1555,0
3654,0
65755,0
34021,0
75271,0
51508,0
73121,0
69303,0
34217,0
2546,0
18748,0
69932,0
23418,0
49033,0
55263,0
69401,0
34714,0
69749,0
31439,0
68138,0
71104,0
73356,0
42223,0
37663,0
64305,0
47826,0
27641,0
48999,0
26110,0
25707,0
17207,0
32680,0
26534,0
62825,0
28938,0
20350,0
14141,0
53038,0
61339,0
64835,0
54148,0
70064,0
11311,0
32301,0
60941,0
10198,0
35683,0
74970,0
21376,0
42305,0
18974,0
48676,0
46482,0
48026,0
46232,0
62245,0
50970,0
6932,0
53695,0
20048,0
40796,0
61456,0
75920,0
45785,0
64547,0
52541,0
35837,0
29183,0
17090,0
58178,0
73686,0
33727,0
40095,0
59724,0
73055,0
50889,0
12456,0
32136,0
3712,0
32181,0
19024,0
21772,0
40299,0
74329,1
43063,0
3226,1
51260,0
50309,0
1278,0
22845,0
45629,0
16983,0
64661,0
35547,0
22670,0
33660,0
75849,0
69648,0
49289,0
15666,0
63357,0
71696,0
46361,0
19134,0
47668,0
7356,0
18887,0
26958,0
37236,0
28565,0
69017,0
37110,0
68487,0
60925,0
18405,0
37820,0
66425,0
24949,0
67655,0
57517,0
68685,0
18041,0
46172,0
68624,0
65571,0
4418,0
49130,0
3419,0
10512,0
6720,0
65361,0
7144,0
27942,0
6473,0
22715,0
45371,0
24900,0
36429,0
24507,0
54817,0
42751,0
27825,0
50871,0
73299,0
58,0
74619,0
29075,0
45619,0
21610,0
3806,0
5995,0
70244,0
72698,0
34926,0
33869,0
19877,0
39909,0
29687,0
1889,0
28450,0
38597,0
65511,0
39295,0
5766,0
27568,0
2138,0
34411,0
29726,0
52699,0
65866,0
33179,0
63479,0
5468,0
38601,0
40950,0
65673,0
14245,0
64959,0
1040,0
18502,0
61830,0
65282,0
42285,0
20420,0
12509,0
25879,0
23538,0
13506,0
49247,0
9865,0
54963,0
23417,0
31307,0
54128,0
19839,0
61770,0
28474,0
9281,0
32688,0
69524,0
44961,0
69939,0
52311,0
31630,0
25844,0
61372,0
76317,0
57463,0
74766,0
25653,0
31635,0
13308,0
2789,0
16454,0
65063,0
48071,0
4890,0
17631,0
51547,1
54824,0
45083,0
7792,0
74690,0
3962,0
7271,0
33950,0
34734,0
19003,0
58500,0
9340,0
42330,0
40386,1
57399,0
30526,0
73967,0
29705,0
46,0
11280,0
50981,0
68838,0
75855,0
6519,0
47688,0
71589,0
6591,0
36688,0
38039,0
69921,0
25803,0
9520,0
75698,0
48860,0
5191,0
49600,0
43393,0
47218,0
73576,0
20584,0
71592,0
65367,0
30299,0
54348,0
68253,0
18112,0
50207,0
67631,0
33976,0
47944,0
76008,0
63769,0
74475,0
47427,0
21385,0
38669,0
33902,0
12717,0
68074,0
47986,0
25317,0
4529,0
16673,0
37987,0
57072,0
34169,0
20919,0
70737,0
29683,0
59441,0
26007,0
29698,0
66027,0
2471,0
8549,0
43604,0
7398,0
66794,0
4289,1
4759,0
48660,0
5821,0
43351,0
58195,0
49840,0
60149,0
8311,0
48212,0
15373,0
33774,0
26148,0
72900,0
39510,0
61029,0
69526,0
21035,0
9390,0
43239,0
72099,0
48459,0
28497,0
24062,0
60307,0
30691,0
18474,0
7637,0
39999,0
17476,0
68578,0
35162,0
625,0
64779,0
63804,0
11679,0
75036,0
60439,0
9251,0
73195,0
6941,0
16632,0
35039,0
71375,0
8677,0
16208,0
61286,0
33626,0
58871,1
10342,0
4488,0
49992,0
61581,0
73658,0
70734,0
75228,0
17959,0
22447,0
33170,0
43222,0
37261,0
43804,0
61903,0
17955,0
36472,0
11116,0
4260,0
41004,0
25613,0
73203,0
76348,1
66163,0
14758,0
3991,0
35025,0
66156,0
792,0
56052,0
51413,0
43831,0
29628,0
25432,0
8745,0
53107,0
27572,0
28883,0
61844,0
26435,0
51117,0
39030,0
61930,0
29395,0
58203,0
32747,0
70345,0
25422,0
44057,0
10718,0
65628,0
22397,0
68965,0
72813,0
70090,1
12716,0
1967,0
13898,0
3086,0
3158,0
53993,0
40161,0
55986,0
55077,0
69316,0
35588,0
4973,0
33948,0
27454,0
69059,0
64717,0
17116,0
48426,0
17950,0
58851,0
27148,0
13780,0
3541,0
31729,0
50866,0
400,0
36009,0
37403,0
66983,0
57853,0
1737,0
12695,0
38968,0
38824,0
8484,0
71633,0
50319,0
67359,0
34986,0
28152,0
42011,0
36993,0
57216,0
46558,0
23473,0
12612,0
45848,0
32150,0
72857,0
50725,0
46884,0
5413,0
54383,0
20352,0
33529,0
73287,0
10664,0
75421,0
69101,0
2151,0
13282,0
32922,0
54592,0
22985,0
20439,0
19950,0
46131,0
32664,0
51349,0
59895,0
895,0
65286,0
62271,0
73391,0
9269,0
32768,0
3632,0
51713,0
74387,0
20957,0
42879,0
54713,0
35079,0
37194,0
46135,0
20622,0
76060,0
60477,0
58430,0
15913,0
62268,0
25172,0
60111,0
52665,0
31742,0
2075,0
14649,0
54064,0
35317,0
51301,0
71079,0
54977,0
5435,0
68775,0
38616,0
46443,0
72232,0
70247,0
16205,0
70309,0
49747,0
3653,0
59414,0
3815,0
16371,0
33421,0
67368,0
12318,0
65545,0
73712,0
51874,0
69392,0
67935,0
24295,0
4471,0
48371,0
68618,0
6986,0
61021,0
45834,0
12109,0
68892,0
14701,0
51165,0
38873,0
43049,0
67787,0
56190,0
33901,0
51528,0
28030,0
45553,0
3646,0
67222,0
29150,0
3331,0
43890,0
17079,0
55042,0
39593,0
63470,0
27225,0
42999,0
8826,0
36296,0
51595,0
19558,0
72170,0
45958,0
15525,0
19173,0
62309,0
51971,0
69732,0
47825,0
66808,0
62018,0
46876,0
73661,0
358,0
49890,0
29096,0
67444,0
387,0
38652,0
68310,0
51804,0
1533,0
43557,0
8527,0
31231,0
44390,0
17620,0
29738,0
24951,0
41426,0
17395,0
34577,0
36080,0
32534,0
9693,0
7504,0
6767,0
19006,0
9958,0
65421,0
20975,0
31911,0
1540,0
7472,0
5825,0
36441,0
14230,0
31830,0
68372,0
24987,0
2701,0
13208,0
44525,0
31041,0
26244,0
61985,0
12739,0
46176,0
5867,0
75903,0
35422,0
51030,0
39461,0
54238,0
68928,0
33691,0
999,0
68621,0
688,0
40202,0
15070,0
74665,0
46562,0
27185,0
10275,0
28512,0
69628,1
37485,0
41697,0
9037,0
1306,0
57684,0
54668,0
48933,0
13601,0
54929,0
39808,0
18776,0
5284,0
12102,0
42349,0
21132,0
24496,0
7995,0
45136,0
20469,0
71296,0
42000,0
63936,0
53540,0
46411,0
24586,0
46772,0
62081,0
8184,0
38021,0
30727,0
21724,0
31168,0
75411,0
59269,0
22709,0
56245,0
36869,0
69994,0
28712,0
25869,0
16369,0
66860,0
20335,0
31414,0
49916,0
45973,0
49433,0
21054,0
31509,0
19207,0
70968,0
6689,0
43073,0
25307,0
67155,0
29547,0
58626,0
13847,0
70187,0
47005,0
20344,0
29251,0
67066,0
44009,0
48233,0
14507,0
15476,0
30841,0
48494,0
39308,0
53033,0
46022,0
72846,0
50251,0
49253,0
57784,0
42544,0
51125,0
36134,0
60197,0
71405,0
35082,0
36827,0
19113,0
38685,0
63491,0
73290,0
33416,0
14043,0
45410,0
40120,0
57322,0
13414,0
55468,0
34201,0
40298,0
55725,0
22666,0
2613,0
20112,0
58765,0
36274,0
27750,0
7296,0
28179,0
36728,0
45355,0
21750,0
753,0
35402,0
72448,0
63318,0
22526,0
59710,0
21174,0
22472,0
23783,1
28501,0
27489,0
4932,0
71856,0
46474,0
37056,0
5947,0
55643,0
17470,0
3138,0
24916,0
57919,1
66832,0
49035,0
44534,0
57105,0
15080,0
74979,0
43585,0
35314,0
58487,0
54440,0
33840,0
53859,0
19486,0
16079,0
57420,0
12645,0
30707,0
68356,0
59480,0
19174,0
18109,0
25100,1
68866,0
47543,0
11219,0
16334,0
47265,0
31418,0
13140,0
72763,0
70867,0
31896,0
36854,0
87,0
68771,0
39412,0
72128,0
63290,0
57330,0
37190,0
56605,0
70387,0
59755,0
73138,0
16126,0
45171,0
43851,0
11838,0
5067,0
27865,0
491,0
23527,0
55430,1
73727,0
10705,0
58082,0
28100,0
8437,0
46721,0
51305,0
58460,0
7571,0
36975,0
76291,0
11908,0
27154,0
53869,0
46203,0
8684,0
35609,0
68391,0
24750,0
29673,0
39487,0
16460,0
36814,0
12145,0
2057,0
35668,0
60852,0
13564,0
4282,0
70772,0
61298,0
23650,0
9357,0
618,0
45435,0
45261,0
26135,0
2889,0
35575,0
30636,0
10848,0
45778,0
51641,0
62748,0
22887,0
10471,0
18531,0
25082,0
7348,0
31170,0
64659,0
17343,0
43224,0
35247,0
75005,0
10439,0
59846,0
5763,0
26035,0
16268,0
15467,0
32612,0
64622,0
75780,0
35076,0
12962,0
4085,0
18103,0
41308,0
14599,0
29361,0
74967,0
49539,0
58556,0
62639,0
14287,0
51414,0
29149,0
9101,0
25533,0
65681,0
61067,0
50061,0
980,0
28396,0
66047,0
61093,0
54086,0
32369,0
11555,0
30530,0
57242,0
42997,0
72198,0
32716,0
53099,0
62382,0
61740,0
6793,0
48453,0
45029,0
36056,0
22761,0
35592,0
45230,0
32923,0
29138,0
67909,0
4181,0
2704,0
43411,0
58010,1
22000,0
14438,0
30092,0
67934,0
30944,0
56482,0
36189,0
22407,0
28772,0
31993,0
49098,0
62779,0
64468,0
76103,0
12315,0
13293,0
68259,0
53563,0
7796,0
23182,0
3183,0
22820,0
74986,0
66499,0
68940,0
27392,0
72599,0
64349,0
10703,0
68395,0
62628,0
64724,0
12609,0
58646,0
53347,0
18400,0
9332,0
28698,0
35738,0
21992,0
55802,0
67437,0
10397,0
54358,0
268,0
55307,0
34259,0
13863,0
61779,0
550,0
25872,0
35279,0
61654,0
30179,0
60869,0
19756,0
42586,0
64187,0
11907,0
40428,0
25037,0
20320,0
19993,0
24366,0
33024,0
16072,0
9554,0
40781,0
37113,0
16500,0
552,1
23913,0
70334,0
38120,0
61063,0
55428,0
76381,0
33807,0
57857,0
62819,0
25381,0
52424,0
56994,0
8874,0
24875,0
1391,0
823,0
29925,0
28711,0
31700,0
75436,0
4708,0
53577,0
68005,0
48134,0
9788,0
27205,0
31406,0
61330,0
41063,0
18851,0
30586,0
48698,0
27231,0
54182,0
28855,0
57768,0
74410,0
34865,0
9047,0
17782,0
1896,0
32114,0
27605,0
65414,0
11361,0
11768,0
7622,0
56179,0
21686,0
35896,0
38738,0
6211,0
4731,0
19500,0
63932,0
58388,0
75360,0
31325,0
21342,0
2114,0
35229,0
32928,0
3891,0
55155,0
1054,0
23658,0
24661,0
31360,0
5367,0
54220,0
35635,0
16336,0
44487,0
42962,0
54493,0
66166,0
7377,0
67525,0
34658,0
9222,0
12507,0
66962,0
9427,0
25834,0
33658,0
64507,0
54896,0
25421,0
1968,0
9496,0
33825,1
17105,0
53251,0
25291,0
58327,0
26436,0
3271,0
55767,0
58758,0
73408,0
13320,0
13796,0
33784,0
24261,0
51809,0
36454,0
31903,0
68574,0
3906,0
63883,0
75287,0
4182,0
54369,0
16706,0
49400,0
64332,0
24291,0
1891,0
35965,0
51253,0
27515,0
16431,0
6355,0
28509,0
20093,0
7300,0
53784,0
25438,0
38802,0
52272,0
38654,0
33052,0
50894,0
20327,0
8873,0
20615,0
70692,0
45534,0
51246,0
3177,0
42335,0
28433,0
53969,0
5001,0
7330,0
2722,0
51830,0
24888,0
65661,0
37798,0
4069,0
27622,0
50643,0
14579,0
20733,0
17531,0
26282,0
46794,0
40020,0
22989,0
58490,0
2751,0
68765,0
29291,0
60494,0
13275,0
69674,0
4875,0
74587,0
33003,0
15167,0
2690,0
2443,0
68658,0
9102,0
45042,0
51132,0
59457,0
55453,0
63258,0
5171,0
54551,0
36136,0
54994,0
56674,0
9403,0
13379,0
4173,0
16287,0
73921,0
52690,0
60026,0
8744,0
23677,0
9996,0
60911,0
49214,0
55100,0
35446,0
3099,0
7412,0
61910,0
67586,0
21777,0
55500,0
47150,0
48862,0
7113,0
3013,0
18790,0
15539,0
76149,0
17218,0
1682,0
15686,0
71307,0
72554,0
8607,0
45702,0
21262,0
49062,0
872,0
75791,0
65427,0
62967,0
53243,0
13260,0
27691,0
69306,0
42959,0
76263,0
11170,0
32889,0
54740,0
2311,0
55774,0
66571,0
20009,0
1320,0
4945,1
34601,0
55914,0
14332,0
8781,0
20783,0
41545,0
1326,0
20656,0
3334,0
15173,0
16331,0
73662,0
19608,0
2071,0
55488,0
37090,0
76189,0
19074,0
69386,0
49014,0
72118,0
56195,0
27158,0
22506,0
69806,0
74771,0
72137,0
23708,0
73005,0
13264,0
73351,0
5355,0
31029,0
37093,1
32846,0
62860,0
39956,0
20711,0
59060,0
68783,0
67477,0
7128,0
43701,0
58447,0
18720,0
27396,0
54928,0
19566,0
3428,0
68223,0
17441,0
53148,0
75284,0
47398,0
1923,0
18276,0
56817,0
13886,0
67564,0
42276,1
37458,0
39685,0
33995,0
17704,0
57638,0
71762,0
4757,0
56253,0
35282,0
48729,0
45087,0
68273,0
7393,0
10470,0
59122,0
68354,0
10446,0
20283,0
25322,0
24137,0
54160,0
25118,0
44797,0
60655,0
43521,0
59394,0
29356,0
499,0
27892,0
37151,0
9761,0
10857,0
68718,0
50621,0
4600,0
11010,0
55056,0
51002,0
45085,0
7823,0
48976,0
48759,0
11199,0
10724,0
56943,0
9652,0
54073,0
31096,0
48958,0
27431,0
72090,0
55108,0
36587,0
54914,0
14150,0
10249,0
64096,0
49133,0
47320,0
19749,0
21868,0
25673,0
74070,0
9811,0
70134,0
62609,0
30146,0
34567,0
16675,0
14079,0
43191,0
18364,0
9729,0
65780,0
3128,0
50873,0
26281,0
41970,0
72185,0
42232,0
66756,0
42701,0
25355,0
60213,0
13483,0
67560,0
38617,0
3876,0
68956,0
48714,0
34342,0
5434,0
74862,0
6961,0
73745,0
41294,0
22444,0
36245,0
15237,0
19122,0
29064,0
52804,0
27832,0
33240,0
72066,0
4596,0
52681,0
21171,0
46983,0
25375,0
24761,0
24504,0
54727,0
37169,0
1692,0
48935,0
51548,0
25448,0
15942,0
958,0
49700,0
37581,0
23985,0
68505,0
69355,0
56181,0
38779,0
35058,0
25798,0
20698,0
4307,0
63549,1
46242,0
63825,0
75026,0
21642,0
5059,1
54096,0
14566,0
19406,0
47085,0
47647,0
26112,0
66384,0
14981,0
56302,0
59936,1
44669,0
69456,0
51185,0
26561,0
21275,0
26627,0
32720,0
72515,0
66745,0
36654,0
471,0
10459,0
13832,0
69909,0
59444,0
75028,0
73792,0
37689,0
33776,0
25353,0
76531,0
43043,0
67794,0
30247,0
26664,0
53147,0
17251,0
72103,0
35287,0
10092,1
9189,0
1377,0
18269,0
52082,0
59831,0
41696,0
14065,0
22813,0
64476,0
17932,0
48486,0
74530,0
40284,0
21280,0
8861,0
18233,1
16611,0
40731,0
51129,0
29475,0
47983,0
58067,0
11438,0
32926,0
39000,0
18172,0
275,0
44724,0
7735,0
39504,0
65783,0
23313,0
60995,0
70101,0
73962,0
59578,0
31403,0
35326,0
39861,0
36446,0
4428,0
57299,0
27324,0
4245,1
57570,0
24973,0
7743,0
58478,0
31032,0
4743,0
73335,0
2265,0
64864,0
22460,0
53957,0
20042,0
43154,0
66821,0
43315,0
43074,0
48425,0
1812,0
51006,0
60064,0
67546,0
49142,0
12947,0
68241,0
33534,0
69594,0
49797,0
1407,0
17869,0
71997,0
48184,0
15644,0
53581,0
69433,1
38816,0
10494,0
33229,0
62727,0
19825,0
53557,0
877,0
17242,0
45375,0
65312,0
66249,0
52274,0
37534,0
58192,0
43013,0
54144,0
11769,0
17884,0
7025,0
45189,0
717,0
22657,0
49634,0
29061,0
2144,0
49403,0
4299,0
57426,0
16402,0
661,0
30441,0
41438,0
2811,0
9569,0
71578,0
45100,0
26298,0
52543,0
4667,0
57087,0
66467,0
6635,0
68996,0
9939,0
11664,0
66532,0
23059,0
50239,0
19592,0
13026,0
66404,0
7889,0
55201,0
27243,0
56325,1
5012,0
59531,0
75721,0
59580,0
28708,0
20025,0
9411,0
57477,0
17727,0
60447,0
41661,0
22517,0
61353,0
76213,0
17993,0
55553,0
75217,0
15661,0
73269,0
13274,0
44140,0
62491,0
27306,0
71880,0
536,0
4728,0
65387,0
59187,0
12215,0
53697,0
52747,0
8522,0
42726,0
27127,0
36845,0
5972,0
41064,0
22748,0
31548,0
44879,0
42170,0
33115,0
56765,0
41785,0
38674,0
67189,0
21247,0
28076,0
45445,0
50010,0
62705,0
5624,1
67864,0
9026,0
73754,0
72982,0
49032,0
26342,0
43840,0
19765,0
37415,0
31578,0
14285,1
58511,0
17100,0
23925,0
73189,0
76354,0
61664,0
36337,0
15920,0
16269,0
67011,0
65471,0
71573,0
17123,0
70107,0
24943,0
75006,0
3934,0
3626,0
70297,0
72212,0
49821,0
33331,0
37114,0
11880,0
70584,0
68811,0
47484,0
54184,0
20674,0
15230,0
65535,0
76303,0
58300,0
75224,0
14746,0
50074,0
57159,1
17844,0
69419,0
2478,0
46947,0
58463,0
50785,0
15062,0
7284,0
45784,0
59922,0
5493,0
66133,0
25686,0
76230,0
74434,0
21762,0
7181,0
53053,0
41227,0
30648,0
62710,0
59658,0
3519,0
63198,0
16777,0
8205,0
21571,0
14547,0
69070,0
7445,0
40333,0
10098,0
63380,0
56552,0
58332,0
42979,1
45991,0
62976,0
47811,0
39165,0
70506,0
34464,0
21110,0
46073,0
56460,0
40515,0
14449,0
23539,0
27415,0
2250,0
89,0
71626,0
75489,0
43208,0
38420,0
29248,0
25769,0
34014,0
66445,0
61251,0
50489,0
46149,0
57244,0
32363,0
40730,0
32168,0
22571,0
55207,0
76132,0
30054,0
46260,0
2629,0
38509,0
57868,0
905,0
3813,0
41925,0
10955,0
59716,0
64271,0
13005,0
50650,0
108,0
69187,0
30570,0
64763,0
18577,0
26578,0
1677,0
65856,0
50694,0
37468,0
54500,0
68048,0
64613,0
11923,0
20260,0
57714,0
62943,0
56141,0
12067,0
11513,0
74716,0
16440,0
23298,0
40843,0
60338,0
11842,0
75161,0
53363,0
75313,0
6311,0
32778,0
67299,0
17425,0
52512,0
64251,0
31277,0
72597,0
27150,0
25796,0
36549,0
13980,0
74566,0
30848,0
12921,0
55154,0
38374,0
75905,0
12814,0
51819,0
71687,0
75165,0
33745,0
6931,0
14742,0
57720,0
56451,0
5036,0
74381,0
62237,0
63797,0
19072,0
35293,0
41085,0
31554,0
67535,0
73440,0
69788,0
31321,0
43046,0
30036,0
12870,0
73300,0
65613,0
21663,0
71889,0
55483,0
20409,0
23544,0
64971,0
68975,0
24863,0
41857,0
42861,0
33277,0
37711,0
37230,0
35277,0
19864,0
16063,0
49413,0
29821,0
71446,1
51343,0
6188,0
46239,0
8034,0
46315,0
49488,0
41234,0
45203,0
70378,0
69226,0
21832,0
12133,0
46088,0
52623,0
15869,0
2393,0
31136,0
3674,0
7072,0
60868,0
76217,0
55766,0
66329,0
9191,0
72774,0
49368,0
56572,0
6996,0
62753,0
56284,0
76135,0
34938,0
2006,0
48268,0
47074,0
75270,0
28050,0
44187,0
51584,0
32107,0
34074,0
25342,0
65141,0
46526,0
5002,0
65704,0
22291,0
17962,0
7350,0
16879,0
75987,0
71054,0
43762,0
64041,0
65429,0
35143,0
54099,0
5512,0
30829,1
8666,0
20443,0
11741,0
37157,0
25555,0
44485,0
55637,0
48194,0
71186,0
68132,0
7420,0
26722,0
17492,0
70125,0
60498,0
31219,0
34116,0
34335,0
35095,0
71550,0
56055,0
40677,0
28624,0
66294,0
57786,0
49344,0
23012,0
23385,0
19184,0
50867,0
63206,0
6849,0
15791,0
7221,0
64698,0
65071,0
18202,0
66764,0
63165,0
67722,0
37068,0
75184,0
62859,0
69864,0
20910,0
9566,0
49065,0
21894,0
52410,0
24715,0
38212,0
56512,0
10712,0
29043,0
52625,0
5372,0
29446,0
9871,0
34930,0
11405,0
9383,0
2922,0
54823,0
40270,0
36067,0
53647,0
16684,0
16809,0
42918,0
15025,0
55066,0
74511,0
60126,0
55634,0
1144,0
22794,0
58687,0
449,0
47669,0
43256,0
2772,0
42337,0
4706,0
13370,0
25586,0
73903,0
44153,0
52313,0
48413,0
29137,0
62510,0
70268,0
55324,0
59645,0
5164,0
48953,0
41640,0
73188,0
19119,0
4291,0
40004,0
16833,0
47656,0
54885,0
24177,0
49207,0
22913,0
44923,0
41356,0
48448,0
61124,0
47467,0
37389,0
55368,0
53295,0
7414,0
60127,0
30772,0
51539,0
40824,0
55147,0
12626,0
55063,0
53817,0
75946,0
197,0
9500,0
72164,0
42874,0
29253,0
19275,0
47940,0
654,0
29234,0
45070,0
50464,0
53275,0
71506,0
73060,0
21603,0
15982,0
44643,0
2870,0
68254,0
34710,0
26280,0
45806,0
35861,0
23251,0
55446,0
42887,0
16965,0
29989,0
65982,0
34227,0
13801,0
23637,0
60053,0
47726,0
44214,0
7563,0
2808,0
4310,0
11033,0
29807,0
15943,0
28053,0
55455,0
46154,0
45663,0
34257,0
21057,0
61269,0
66744,0
55891,0
21702,0
40496,0
18652,0
18299,0
37106,0
75356,0
1088,0
34326,0
4329,0
1642,0
75148,0
65560,0
55525,0
39781,0
19129,0
64225,0
13362,0
44766,0
44091,0
12572,0
42775,0
74667,0
57348,0
12510,0
8891,0
17784,0
14431,0
3719,0
5094,0
20159,0
10344,0
35256,0
2335,0
31028,0
62443,0
31196,0
3036,0
9875,0
26604,0
20399,0
38002,0
50441,0
21838,0
8567,0
17025,0
48624,0
62891,0
9818,0
39642,0
58820,0
68429,0
21523,0
72444,0
5698,0
39681,0
10380,0
55089,0
30574,0
74884,0
74866,0
72881,0
12232,0
28623,0
31099,0
61129,0
26695,0
73423,0
73045,0
11278,0
17816,0
68237,0
18784,0
37359,0
52649,0
33682,0
39979,0
70412,0
63675,0
66984,0
11389,0
62621,0
2465,0
51634,0
19370,0
61995,0
33056,0
43166,0
58264,0
60221,0
41961,0
44732,0
37571,0
70685,0
62956,0
8342,0
28242,0
33513,1
65568,0
35949,0
61979,0
70794,0
8050,0
37844,0
51615,0
23480,0
40780,0
11640,0
65364,0
18559,0
65845,0
46081,0
63904,0
75519,0
32206,0
4835,0
68306,0
18931,0
38279,0
12736,0
72477,0
67628,0
26243,0
33697,0
67929,0
24539,0
76259,0
24202,0
55824,0
53899,0
48210,0
71468,0
57473,0
2658,0
50246,0
65122,0
30579,0
22618,0
28741,0
64533,0
44796,0
5377,0
21879,0
52187,0
17650,0
33502,0
48616,0
68369,0
20155,0
42459,0
67709,0
58891,0
49245,0
3843,0
72759,0
34458,0
58059,0
69042,0
46844,0
64262,0
67915,0
53565,0
2822,0
41612,0
75155,0
39459,0
46442,0
18928,0
68931,0
69807,0
55116,0
25636,0
25852,0
10255,0
17920,0
75204,0
27697,0
7531,0
36272,0
10184,0
69432,0
13684,0
28546,0
11027,0
61552,0
27925,0
56877,0
33219,0
14731,0
11034,0
49500,0
30350,0
59470,0
16007,0
26285,0
48284,0
23790,0
41055,0
3554,0
44516,0
32784,0
3291,1
47477,0
40112,0
14502,0
33916,0
10338,0
29142,0
70518,0
64172,0
34634,0
66659,0
8471,0
71588,0
13998,0
4420,0
37289,0
36308,0
11142,0
48745,0
74893,0
60681,0
8563,0
4098,0
13991,0
22939,0
28693,0
23319,0
18668,0
64564,0
74695,0
14985,0
484,0
32410,0
45762,0
12565,0
71276,0
47549,0
62390,0
53776,0
51182,0
3821,0
67890,0
57726,0
46488,0
74453,0
74258,0
62887,0
26887,0
55938,0
69485,0
37559,0
74562,0
41348,0
35816,0
15999,0
47458,0
30782,0
32277,0
113,0
26472,0
54163,0
9660,0
3820,0
52291,0
5269,0
67928,0
73602,0
63113,0
63815,0
50046,0
60191,0
17212,0
26157,0
60944,0
27899,0
75572,0
13042,1
4295,0
37595,0
31141,0
44848,0
12920,0
6395,0
34363,0
30517,0
53253,0
64945,0
74854,0
61953,0
68296,0
9083,0
6335,0
12657,0
47897,0
38620,0
44727,0
49619,0
21135,0
44467,0
6776,0
24849,0
63665,0
20920,0
36471,0
26467,0
6873,0
4694,0
9945,0
36042,0
61841,0
3987,0
36778,0
16069,0
52024,0
75677,0
18549,0
60442,0
50611,0
10733,0
71300,0
12423,0
5569,0
9454,0
24348,0
72161,0
57415,0
38568,0
17379,0
73991,0
11431,0
65654,0
10274,0
31326,0
38210,0
56872,0
69434,0
13122,0
35535,0
48202,0
50720,0
53632,0
60739,0
74182,0
739,0
8872,0
38549,0
39031,0
60648,0
73446,0
66847,0
57017,0
51524,0
987,0
23354,0
19039,0
66809,0
59857,0
65066,0
28201,0
51895,0
66667,0
26744,0
50335,0
58854,0
18838,0
29809,0
75177,0
61288,0
16615,0
38558,0
74114,0
61292,0
35329,0
30621,0
70803,0
61686,0
59960,0
41437,0
73838,0
15149,0
15148,0
40568,0
76020,0
76427,0
60922,0
23227,0
32634,0
59168,0
66922,0
19841,0
46970,0
35956,0
55966,0
9395,0
54024,0
48982,0
51814,0
47446,0
40660,0
39621,0
48630,0
14048,0
58816,0
14437,0
72171,0
53928,0
17544,0
34414,0
55754,0
70444,0
21450,0
24211,0
37803,0
75067,0
61821,0
53294,0
39837,0
23257,0
36033,0
73087,0
37839,0
58257,0
15655,0
25908,0
72691,0
70497,0
51687,0
73200,0
17296,0
55396,0
25752,0
31569,0
54944,0
69213,0
31299,0
75531,0
64822,0
66896,0
64368,0
19612,0
35840,0
51449,0
70451,0
5851,0
55576,0
27202,0
55978,0
11855,0
15959,0
40014,0
7308,0
34759,0
26313,0
52452,0
667,0
54550,0
61121,0
68736,0
69919,0
4985,1
53219,0
54661,0
105,0
46915,0
72270,0
39168,0
27143,0
35175,0
20503,0
50301,0
55782,0
4588,0
18268,0
38707,0
13242,0
42640,0
18828,0
14161,0
53380,0
41254,0
47168,0
10668,0
42405,0
27444,0
40166,0
35110,0
30368,0
56770,0
394,0
25259,0
75162,0
41023,0
33312,0
22943,0
18500,0
47221,0
63352,0
25785,0
58616,0
68674,0
72852,0
43714,0
45343,0
7842,0
25385,0
18525,0
56628,0
9664,0
55188,0
35316,0
22708,0
61052,0
33511,0
42445,0
21814,0
74686,0
11517,0
53374,0
56418,0
21746,0
69505,0
16975,0
28607,0
51606,0
57199,0
50936,0
23351,0
71295,0
61521,0
8821,0
67609,0
17066,0
73873,0
61781,0
22613,0
76209,0
7169,0
40370,0
27170,0
39519,0
50167,0
3214,0
19713,0
14372,0
36242,0
20588,0
17099,0
11344,0
54285,0
62613,0
41466,0
31738,0
40142,0
51258,0
49143,0
48636,0
43821,0
51538,0
58940,0
40052,0
59513,0
33785,0
70385,0
23963,0
33133,0
70354,0
56560,0
74708,0
28910,0
55137,0
25033,0
32731,0
59693,0
70610,0
62807,0
14636,0
24121,0
59776,0
56100,0
59426,0
17509,0
62586,0
55356,0
28145,0
62480,0
47015,0
48883,1
62096,0
6346,0
31453,0
27437,0
38197,0
17182,0
37719,0
48427,0
67132,0
68177,0
7633,0
72016,0
63010,0
18231,1
25955,0
43163,0
28896,0
39556,0
15804,0
46761,0
28413,0
24257,0
51297,0
67708,0
57474,0
33486,0
44436,0
56365,0
11625,0
53718,0
22170,0
11948,0
64328,0
17124,0
27993,0
39418,0
37086,0
51897,0
70370,0
6857,0
50596,0
68502,0
14969,0
45651,0
2287,0
42663,0
57310,0
12367,0
54444,0
2909,0
12760,0
46801,0
30552,0
25720,0
52546,0
32156,0
26150,0
72609,0
74907,0
51551,0
13685,0
45008,0
13707,0
64165,0
56180,0
64021,0
62931,0
34853,0
52674,0
60751,1
58001,0
10683,0
24145,0
3439,0
55568,0
65965,0
66876,0
6491,0
29213,0
5384,0
2853,0
7140,0
26347,0
32895,0
32379,0
8051,0
71414,0
74123,0
47969,1
55692,0
16688,0
7319,0
42554,0
36185,0
23380,0
49765,0
14537,0
56269,0
3663,0
7352,0
64894,0
60630,0
29169,0
64976,0
9057,0
22638,0
29670,0
48891,0
52194,0
41404,0
26377,0
31708,0
4878,0
25465,0
43128,0
29564,0
32938,0
43361,0
69745,0
67164,0
38768,0
6058,0
452,0
72173,0
5897,0
18361,0
2198,0
5272,0
39731,0
73475,1
46262,0
28017,0
71938,0
53722,0
48664,0
26913,0
36714,0
16723,0
57515,0
9718,0
58482,0
9194,0
26679,0
20846,0
53985,0
15768,0
66315,0
62780,0
36776,0
29145,0
17120,0
19116,0
56746,0
5656,1
41922,0
14147,0
22963,0
68435,0
14805,0
70367,0
42992,0
55877,0
67750,0
16939,0
7589,0
17464,0
56497,0
76485,0
68746,0
60968,1
18624,0
46922,0
41865,0
41690,0
37931,0
14334,0
67882,0
57249,0
17213,0
30429,0
17633,0
51474,0
22650,0
70019,0
11857,0
19795,0
35679,0
54377,0
61633,0
66637,0
69813,0
25268,0
6632,0
29757,0
15828,0
52154,0
53942,0
2084,0
27385,0
66623,0
24008,0
49038,0
23396,0
21281,0
30842,0
2804,0
5939,0
72521,0
23911,0
42397,0
35706,0
71499,0
70278,0
58539,0
390,0
45237,0
17937,0
43142,0
40925,0
39764,0
11527,0
29592,0
61082,0
44070,0
44662,0
74598,0
36753,0
62312,0
56727,0
41677,0
30147,0
36947,0
41286,0
66310,0
41300,0
16701,0
68125,0
15338,0
69253,0
35444,0
59684,0
10975,0
48916,0
47426,0
34637,0
18272,0
59668,0
20227,0
36897,0
49531,0
150,0
35149,0
21709,0
1726,0
25094,0
13276,0
19432,0
43650,0
58964,0
31713,0
50052,0
62665,0
28428,0
24751,0
39635,0
17408,0
33309,0
71017,0
23814,0
126,0
52196,0
4547,0
45295,0
34711,0
60583,0
27493,0
71903,0
73561,0
8675,0
16881,0
62719,0
67231,0
28604,0
21125,0
68904,0
29799,0
2759,0
67843,0
58791,0
48534,0
40936,0
25883,0
75797,0
18380,0
73012,0
14950,0
44190,0
31452,0
51962,0
11242,0
37577,0
40527,0
41377,0
15298,0
53256,0
49103,0
8653,0
10773,0
16555,0
4437,0
19490,0
35734,0
40441,0
75419,0
27152,0
14803,0
44164,0
34314,0
66181,0
30911,0
18027,0
24731,0
71769,0
43047,0
49609,0
17291,0
30634,0
72670,0
62519,0
42114,0
33521,0
41350,0
41761,0
28776,0
46181,0
56685,0
15583,0
719,0
74754,0
45474,0
11288,0
4089,0
41638,0
26527,0
32884,0
336,0
38452,0
9304,0
44555,0
21659,0
63440,0
45734,0
35633,0
50675,0
9926,0
40141,0
14594,0
71791,0
39408,0
46335,0
63738,0
57688,0
50808,0
22619,0
67138,0
40127,0
71161,0
9158,0
14948,0
13187,0
22567,0
60964,0
6054,0
63267,0
30516,0
60814,0
75073,0
66619,0
19654,0
13693,0
37274,0
38317,0
65257,0
72120,0
61435,0
29723,0
17383,0
17487,0
23468,0
40185,0
39572,0
12279,0
8161,0
43359,0
74286,0
50447,0
29681,0
69730,0
59544,0
73478,0
1672,0
7804,0
32902,0
12312,0
74954,0
35240,0
12912,0
46267,0
27124,0
42241,0
55150,0
52727,0
71421,0
72408,0
57987,0
32305,0
49198,0
54738,0
2572,0
37222,0
44683,0
21871,0
17878,0
21676,0
42100,0
9143,0
36663,1
43933,0
37538,0
19785,0
45372,0
61122,0
7399,0
69037,0
62788,0
10770,0
10881,0
5690,0
60471,0
51466,0
13220,0
56201,0
49457,0
51871,0
8876,0
61246,0
68663,0
11114,0
24856,0
54638,0
14007,0
3042,0
12697,0
59867,0
41565,1
14262,0
21583,0
70666,0
16837,0
70900,0
61540,0
30852,0
57866,0
64723,0
40590,0
48874,0
30265,0
57303,0
39060,0
60609,0
75302,0
48735,0
50740,0
19630,0
24288,0
75656,0
31238,0
57600,0
38124,0
5063,0
18079,0
23754,0
42763,0
53173,0
2982,0
24487,0
9959,0
17691,0
60452,0
3389,0
23292,0
44547,0
70124,0
2413,0
58172,0
39725,0
41009,0
32352,0
1067,0
10643,0
4359,0
62027,0
11321,0
16428,0
31346,0
72093,0
18990,0
42359,0
23402,0
42411,0
44592,0
70178,0
16544,0
15978,0
4464,0
10884,0
29820,0
60928,0
20144,0
40812,0
69552,0
12764,0
28925,0
5451,0
57127,0
66899,0
17726,0
12773,0
60856,0
66761,0
26508,0
49449,0
18002,0
22750,0
50502,0
30109,0
44807,0
12722,0
23706,0
22267,0
249,0
3545,0
71103,0
1436,0
36170,0
14593,0
5141,0
44226,0
14300,0
11317,0
6878,0
54121,0
29471,0
69543,0
32458,0
1112,0
8394,0
5204,0
39978,0
57302,0
26518,0
53188,0
42263,0
66978,0
24349,0
34603,0
13047,0
58977,0
43556,0
13950,0
59505,0
25297,0
19151,0
51637,0
28588,0
10865,0
74,0
67068,0
56849,0
14860,0
7738,0
41508,0
51319,0
29095,0
9930,0
33038,0
56510,0
19736,0
35318,0
55612,0
27389,0
52853,0
66469,0
67656,0
20932,0
61719,0
73487,0
41683,0
25680,0
27485,0
61016,0
8805,0
7793,0
72000,0
53079,0
25249,0
56762,0
12891,0
58126,0
39423,0
6531,0
32494,0
60202,0
9641,0
16612,0
17134,0
25799,0
18836,0
37886,0
51618,0
68227,0
61427,0
38662,0
56923,0
52486,0
21646,0
62838,0
5914,0
28722,0
56048,0
73989,0
39477,0
47740,0
51880,1
57171,0
38028,0
57785,0
33142,0
42513,0
48900,0
68752,0
22579,0
2004,0
7130,0
25750,0
56145,0
2831,0
13457,0
16525,0
71107,0
34006,0
28976,0
52938,0
74484,0
49900,0
42910,0
8540,0
8557,0
34233,0
20468,0
3755,0
44395,0
31297,0
69836,0
44742,0
10017,0
43575,0
17156,0
19893,0
56911,0
30119,0
6059,0
44287,0
55288,0
50160,0
29316,0
28163,0
61379,0
27428,0
17569,0
25010,0
17976,0
43965,0
26739,0
59318,0
9753,0
71530,0
68525,0
12940,0
50911,0
51543,0
36211,0
47991,0
31003,0
14480,0
52064,0
11687,0
67006,0
8591,0
9736,0
57372,0
61023,0
44874,0
75061,0
56667,0
26568,0
3855,0
39074,0
62478,0
59387,0
15529,0
12180,0
59609,0
12205,1
15814,0
13076,1
75856,0
60558,0
60035,0
38529,0
46113,0
72327,0
11519,0
30367,0
23455,0
27093,0
60715,0
25332,0
39394,0
39273,0
14478,0
33324,0
31874,0
66076,0
17168,0
34108,0
18106,0
4719,0
15432,0
37191,0
68687,0
74523,0
54636,0
28411,0
17615,0
31254,0
15534,0
18511,0
18529,0
47131,0
52197,0
61791,0
37812,0
20982,0
29060,0
46821,0
20494,0
69800,0
40267,0
46875,0
70836,0
40806,0
64610,0
6044,0
19071,0
57622,0
65728,0
4451,0
16449,0
17881,0
61584,0
73283,0
17583,0
5475,0
22700,0
60918,1
70820,0
54505,0
19782,0
49156,0
57451,0
3293,0
49766,0
25664,0
28611,0
57008,0
19283,0
27084,0
13139,0
23632,0
28890,0
10934,0
35284,0
42301,0
69663,0
65543,0
59127,0
8087,0
61800,0
49297,0
4850,0
19161,0
8083,0
17838,0
18185,0
45067,0
6717,0
69007,0
15156,0
9070,0
28657,0
62690,0
55729,0
16640,0
9911,0
49323,0
53951,0
28180,0
22430,0
52651,0
23896,0
13257,0
3972,0
40743,0
38876,0
50107,0
20370,0
22765,0
41728,0
42490,0
26274,0
42429,0
21114,0
29594,0
41915,0
3534,0
54299,0
26083,0
19533,0
62915,0
49157,0
6435,0
52952,0
28566,0
2677,0
69460,0
67752,0
8035,0
29988,0
22377,0
36893,0
67493,0
49471,0
66747,0
28670,0
9506,0
55134,0
34770,0
21192,0
49340,0
29747,0
2162,0
25924,0
26916,0
54058,0
72546,0
11228,0
21087,0
76278,0
54187,0
60174,0
70254,0
24853,0
54889,0
35817,0
6342,0
17319,0
58890,0
55516,0
66246,0
38202,0
66924,0
57176,0
3096,0
39842,0
56760,0
14946,0
51558,0
16409,0
68881,0
60826,0
33019,0
53081,0
34961,0
66813,0
11897,0
6046,0
40129,0
18236,0
10806,0
45918,0
38605,0
40011,0
36222,0
44458,0
51346,0
34040,0
73294,0
57306,0
45821,0
24041,0
16967,0
29411,0
66002,0
35654,0
52023,0
43041,0
58146,0
30194,0
16214,0
39119,0
65127,0
75179,0
35513,0
3851,0
72960,0
7636,0
61508,0
53661,0
70213,0
46293,0
75816,0
70269,0
30959,0
8426,0
58042,0
1753,0
62523,0
68745,0
50397,0
3326,0
72809,0
175,0
37216,0
9472,0
10863,0
22588,0
28258,0
58755,0
43827,0
66287,0
51068,0
38736,0
63327,0
74139,0
59463,0
69110,0
30355,0
38653,0
247,0
59968,0
21308,0
58657,0
9630,0
48978,0
49930,0
47935,0
53430,0
69369,0
43734,0
12895,0
10878,0
73355,0
19684,0
9979,0
33492,0
15358,0
58882,0
76142,0
629,0
72930,0
54536,0
65166,0
2758,0
21340,0
18826,0
10507,0
51878,0
52155,0
64249,0
12030,0
24670,0
28746,0
1418,0
35605,0
58348,0
11782,0
42986,0
50754,0
33292,0
37905,0
51668,0
55480,0
52112,0
10746,0
44008,0
13823,0
56811,0
19085,0
11118,0
55187,0
17008,0
13625,0
44535,0
56187,0
47094,0
28494,0
69557,0
65833,0
20843,0
45374,0
48297,0
43848,0
23998,0
56115,0
52637,0
64850,0
55378,0
73027,0
43122,0
36335,0
61925,0
8515,0
72850,0
33304,0
36857,0
39489,0
47386,0
74164,0
51003,0
72434,0
7275,0
59498,0
20805,0
44997,0
39185,0
38139,0
10748,0
30039,0
18675,0
13586,0
43087,0
53042,0
16969,0
35516,0
32854,1
3542,0
9065,0
24399,0
64881,0
27425,0
61205,0
44857,0
12084,0
52863,0
40771,0
11008,0
13500,1
74201,0
76244,0
57226,0
27630,0
30005,0
51751,0
14780,0
68286,0
48196,0
17404,0
2209,0
33797,0
21378,0
10933,0
33032,0
58258,0
36988,0
8263,0
64201,0
22489,0
19157,0
47109,0
43158,0
1803,0
20217,0
65918,0
23537,0
65021,0
3616,0
43644,0
29842,0
40321,0
73468,0
69252,0
57992,0
28385,0
53740,0
46453,0
29763,0
37921,0
67429,0
11793,0
44180,0
24414,0
33431,0
22948,0
3825,0
7174,0
29759,0
13012,0
45548,0
57441,0
23865,0
65836,0
66518,0
3627,0
7744,0
40571,0
27960,0
47462,0
14754,0
6955,0
45199,0
30021,0
5243,0
34741,0
35364,0
42384,0
33753,0
7937,0
28914,0
3798,0
72736,0
23049,0
24835,0
9179,0
38634,0
26590,0
38327,0
74655,0
71894,0
32324,0
19571,0
72020,0
69426,0
14686,0
41401,0
35056,0
11166,0
45699,0
4745,0
35194,0
58805,0
24422,0
16291,0
51663,0
34059,0
14506,0
40306,0
8518,0
67654,0
54302,0
27923,0
69131,0
13081,0
16957,0
67114,0
47296,0
17276,0
26107,0
64758,0
21718,0
56519,0
12668,0
74743,0
1266,0
29956,0
16909,0
19853,1
16019,0
5466,0
25460,0
64325,0
25039,0
49063,0
42129,0
46967,0
15634,0
50752,0
25565,0
27088,0
39122,0
61087,0
63835,0
60977,0
19262,0
62153,0
15349,0
38986,0
30687,0
75457,0
2872,0
5768,0
68724,0
48992,0
244,0
35533,0
34486,0
55240,0
48871,0
45209,0
64884,0
69903,0
36707,0
45084,0
43376,0
72032,0
28363,0
59520,0
65030,0
43924,0
22714,0
44987,0
62996,0
71928,0
631,0
42591,0
55305,0
5075,0
19331,0
34286,0
67440,0
56857,0
24136,0
17026,0
4802,0
68767,0
60509,0
76168,0
60979,0
24588,0
19867,0
61328,0
24755,0
949,0
7975,0
39900,0
9966,0
19673,0
4298,0
38321,0
21379,0
10939,0
45358,0
61099,0
48801,0
15136,0
38115,0
52182,0
34367,0
29511,0
8353,0
35248,0
38764,0
42898,0
10531,0
18840,0
3385,0
46585,0
24656,0
42217,0
53351,0
29377,0
9001,0
68840,0
28901,0
11500,0
49161,0
39463,0
9589,0
34032,0
46623,0
72526,0
20721,0
37046,0
19316,0
2898,0
29966,0
25987,0
53066,0
73454,0
25898,0
31677,0
55572,0
68322,0
22068,0
31426,0
50477,0
48665,0
15598,0
16178,0
42321,0
49087,0
43099,0
68165,0
58627,0
38398,0
14531,0
31363,0
5809,0
45804,0
34173,0
12873,0
63367,0
44931,0
66099,0
72827,0
25430,0
65433,0
25534,0
61436,0
21297,0
60084,0
36410,0
37736,0
40719,0
23338,0
47026,0
33375,0
71113,0
52017,0
40111,0
42222,0
32102,0
2511,0
68544,0
51128,0
16720,0
52463,0
54957,0
73815,0
72586,0
504,0
7429,0
69124,0
36020,0
2068,0
29693,0
56125,0
54198,0
17225,0
4518,0
11015,0
37849,0
17127,0
40243,0
46184,0
10316,0
36608,0
21654,0
42563,0
69357,0
60698,0
26316,0
72709,0
68536,0
41151,0
20952,0
41361,0
72249,0
36426,0
1135,0
21594,0
72673,0
75088,0
23223,0
52109,0
4579,0
17381,0
27989,0
55481,0
1249,0
49829,0
70683,0
61622,0
23088,0
56575,0
15433,0
29421,0
15045,0
36779,0
25276,0
4614,0
41358,0
28668,0
889,0
23425,0
76296,0
62303,0
69716,0
32062,0
26206,0
21331,0
74262,1
2145,0
36357,0
59918,0
60744,0
48392,0
60496,0
4466,0
57333,0
50389,0
76394,0
57480,0
24554,0
49228,0
38487,0
21943,0
15681,0
54965,0
16877,0
48531,0
75784,0
73361,0
39850,0
47100,0
45993,0
57094,0
76062,0
73542,0
1394,0
61603,0
54571,0
70208,0
50437,0
31905,0
32714,0
49548,0
53289,0
58090,0
10148,0
8760,0
58410,0
64463,0
2092,0
27706,0
15731,0
75577,0
67079,0
36516,0
73888,0
41351,0
9571,0
65736,0
17718,0
54665,0
34144,0
57760,0
35784,0
6663,0
44604,0
32133,0
15223,0
65746,0
48600,0
67759,0
71364,0
6592,0
29583,0
51248,0
15864,0
71861,0
73668,0
23961,0
49292,0
33510,0
24929,0
37729,0
11323,0
32221,0
6253,0
29181,0
51797,0
54591,0
64520,0
5708,0
12246,0
63577,0
29102,0
61917,0
51838,0
76436,0
74579,0
42181,0
3023,0
9888,0
40810,0
59412,0
65466,0
2714,0
58099,0
26381,0
47611,0
7224,0
7032,0
43037,0
7489,0
21590,0
27230,0
50577,0
10818,0
7771,0
38839,0
8642,0
37205,0
47470,0
61813,0
28488,0
67201,0
30774,0
51325,0
21524,0
20101,0
39044,0
6725,0
47520,0
58580,0
48657,0
4352,0
11881,0
69896,0
37239,0
774,0
19038,0
57540,0
2418,0
66583,0
30306,0
35871,0
18160,0
76433,0
71437,0
55526,0
9440,0
63417,0
64632,0
7884,0
41028,0
5270,0
72193,0
16654,0
76264,0
2976,0
74778,0
66302,0
55821,0
16506,0
66222,1
52725,0
8604,0
72659,0
50227,0
31236,0
51670,0
44144,0
897,0
62772,0
12393,0
31763,0
31206,0
71038,0
4650,1
16547,0
33478,0
16626,0
68007,0
29158,0
27420,0
41291,0
74066,0
68023,0
74507,0
69616,0
8291,0
40040,0
51039,0
21046,0
11821,0
6189,0
25368,0
47452,0
15770,0
63774,0
25656,0
67991,0
76104,0
1679,0
1937,0
48973,0
74316,0
42647,0
63364,0
10003,0
58246,0
40823,0
36169,0
12910,0
17824,0
75792,0
43718,0
67078,0
33204,0
46747,0
69476,0
7882,0
32816,0
51481,0
27999,0
42414,0
23278,0
52417,0
25466,0
36258,0
58592,0
63965,0
61828,0
69931,0
39227,0
21296,0
2540,0
18395,0
16581,0
30814,0
55448,0
1169,0
67703,0
45841,0
55848,0
33679,0
21953,0
69729,0
68258,0
36345,0
5538,0
62242,1
28553,0
67009,0
71609,0
23416,0
20108,0
69302,0
70284,0
36820,0
21744,0
51382,0
62516,0
6541,0
74361,0
73824,0
60746,0
13141,0
12454,0
10602,0
33383,0
75258,0
69005,0
14306,0
7249,0
34659,0
23508,0
65128,0
36275,0
28348,0
73304,0
36235,0
6129,0
42363,0
37265,0
59019,0
66457,0
34970,0
10089,0
25815,0
46514,0
13493,0
62246,0
70752,0
64783,0
61675,0
75030,0
30076,0
222,0
75246,0
41420,0
28401,1
51994,0
57754,0
49667,0
44893,0
2939,0
49151,0
53797,0
39951,0
41402,0
60364,0
75878,0
26648,0
55644,0
38643,0
26393,0
2082,0
66507,0
11232,0
36639,0
41750,0
66897,0
35919,0
3715,0
69304,0
27938,0
64220,0
73059,0
15073,0
58309,0
16855,0
73284,0
9115,0
14787,0
45980,0
58585,0
61433,0
59282,0
48301,0
37094,0
19859,0
46961,0
57083,0
6391,0
71326,0
35713,0
71896,0
28048,0
13185,0
52115,0
4944,0
67306,0
12165,0
8456,0
58220,0
70952,0
29996,0
56154,0
23519,0
5891,0
64620,0
53035,0
68723,0
49959,0
2412,0
29110,0
50861,0
52165,0
57611,0
73473,0
34043,0
52104,0
14670,0
14774,0
4202,0
60596,0
22962,0
56027,0
34147,0
41574,0
50122,0
63718,0
65723,0
34908,0
32625,0
40892,0
22496,0
19674,0
6890,0
64999,0
74087,0
48989,0
58856,0
1150,0
58161,0
29139,0
37784,0
8255,0
8105,0
41601,0
52070,0
18091,0
1038,0
18996,0
72629,0
65980,0
11891,0
23044,0
38761,0
52397,0
52419,0
52281,0
8225,0
65601,0
37002,0
71546,0
66939,0
47948,0
36703,0
64949,0
63346,0
3558,0
73488,0
16944,0
37311,0
52689,0
23564,0
21099,0
60061,0
17644,0
45104,0
20678,0
71304,0
72274,0
6270,0
233,0
62066,0
47381,0
62823,0
34980,0
75097,0
33444,0
18546,0
23447,0
37529,0
57385,0
21084,0
67625,0
50247,0
28602,0
43665,0
71584,0
72789,0
35147,0
36903,0
5845,0
11636,0
286,0
902,0
41867,0
33552,0
43449,0
44383,0
49295,0
19433,0
61554,0
12907,0
60965,0
12662,0
1381,0
65403,0
50340,0
57360,0
38983,0
72595,0
63517,0
68562,0
67427,0
53091,0
52831,0
22862,0
53537,0
17473,0
5810,0
75976,0
48535,0
18300,0
56984,0
13103,0
36883,0
38225,0
9192,0
26694,0
1816,0
42338,0
49650,0
10202,0
2268,0
8699,0
73871,0
9618,0
50589,0
60921,0
29769,0
53515,0
66578,0
3999,0
19996,0
69678,0
23978,0
73327,0
14366,0
24162,0
28692,0
27601,0
15964,0
47064,0
15483,0
25492,0
67376,0
18022,0
65258,0
74725,0
52270,0
36605,1
73683,0
24719,0
9796,0
46060,0
24274,0
34177,0
57329,0
29587,0
49781,0
41363,0
10209,0
53709,0
58426,0
38959,0
76525,0
73606,0
33925,0
70129,0
29125,0
70593,0
5589,0
2090,0
42458,0
14445,0
72926,0
10478,0
18609,0
52835,0
22308,0
23054,0
55004,0
67689,0
17918,0
58507,0
70319,0
16536,0
52437,0
31342,0
36994,0
25311,0
22542,0
3818,0
72203,0
45661,0
68476,0
16035,0
25371,0
33386,0
54436,0
3257,0
26816,0
37837,0
2390,0
58157,0
10945,0
74576,0
62481,0
22209,0
48093,0
59397,0
26053,0
32579,0
51562,0
65870,0
31622,0
46371,0
10636,0
15308,0
908,0
24342,0
7064,0
65838,0
64396,0
35215,0
58933,0
54509,0
39442,0
10162,0
47620,0
65208,0
56352,0
8479,0
62612,0
50858,0
1423,0
50774,0
51038,0
42694,0
73578,0
7706,0
28389,0
66992,0
17977,0
9583,0
75848,0
67481,0
33862,0
20849,0
6836,0
32370,0
1033,0
7277,0
2447,0
57490,0
24147,0
19335,0
33664,0
32262,0
61401,0
11916,0
3495,0
13462,0
72432,0
31389,0
52707,0
26478,0
2626,0
29569,0
71127,0
46523,0
40421,0
75178,0
31872,0
6975,0
70658,0
69035,0
47435,0
67583,0
47303,0
30997,0
38850,0
30023,0
23748,0
33450,0
21286,0
55959,0
58602,0
25113,0
25743,0
1339,0
65179,0
4107,0
28578,0
9923,0
67768,0
20546,0
30859,0
63811,0
31487,0
33823,0
69722,0
31727,0
63382,0
43108,0
25126,0
35731,0
25433,0
57234,0
75910,0
20610,0
7378,0
8106,0
64500,0
21899,0
35938,0
836,0
20185,0
73572,0
75240,0
60441,0
46156,0
5104,0
39092,0
71201,0
13215,0
0,0
47301,0
19991,0
73227,0
3363,0
33154,0
55602,0
63226,0
5577,0
47372,0
75734,0
6370,0
52388,0
23613,0
63634,0
9389,0
31730,0
15648,0
39158,0
48588,0
72014,0
45071,0
53142,1
49951,0
1019,0
19907,0
30970,0
1660,0
34590,0
26241,0
58965,0
46538,0
71531,0
37034,0
5502,0
47635,0
15977,0
56237,0
3256,0
61363,0
13070,0
13326,0
21864,0
50018,0
5683,0
69239,0
24963,0
65768,0
33777,0
428,0
3494,0
54018,0
69259,0
48505,0
71596,0
3196,0
13821,0
49865,0
12917,0
41200,0
33145,0
57601,0
8603,0
10374,0
64800,0
16211,0
75013,0
4998,0
62577,0
27905,0
10468,0
38091,0
43121,0
72628,0
30731,0
68336,0
28367,0
9184,0
27614,0
35793,0
1056,0
34545,0
44295,0
19445,0
15340,0
48952,0
24294,0
49701,0
24831,0
30042,0
45878,0
50037,0
70662,0
7139,0
58649,0
3461,0
18426,0
50593,0
42805,0
44803,0
65419,0
20221,0
6538,0
32001,0
37337,0
20148,0
40076,0
64087,0
58872,0
69893,0
62388,0
43005,0
15426,0
30406,0
24940,0
6882,0
24379,0
31420,0
38497,0
47524,0
31863,0
43333,0
21414,0
24066,0
41472,0
39505,0
46180,0
37241,0
74099,0
51348,0
1314,0
47004,0
21981,0
35252,0
4537,0
61656,0
13392,0
26229,0
15064,0
52489,0
72918,0
45542,0
38318,0
45148,0
15290,0
61261,0
24472,0
50350,0
40498,0
70910,0
34525,0
43708,0
17714,0
36724,0
50534,0
28536,0
53167,0
73160,1
67891,0
76407,0
33628,0
7228,0
71132,0
28049,0
43024,0
31118,0
1360,0
10002,0
38198,0
72971,0
13802,0
14880,0
32572,0
52102,0
34536,0
22971,0
33167,0
30893,0
28753,0
63924,0
14111,0
3186,0
23583,0
25478,0
27652,0
28390,0
4556,0
67591,0
67784,0
14561,0
9063,0
54033,0
42214,0
59608,0
31067,0
32488,0
3107,0
18235,0
31441,0
47858,0
20866,0
12429,0
61966,0
36555,0
31330,0
5985,0
41933,0
45127,0
55503,1
11482,0
19240,0
32803,0
76437,0
76175,0
43824,0
1614,0
53872,0
26932,0
13597,0
30379,0
7253,0
9593,0
61710,0
19084,0
68267,0
23899,0
8495,0
44640,0
46640,0
40945,0
14542,0
12366,0
53597,0
37171,0
9517,0
70933,0
18042,0
10425,0
4051,0
56477,0
46505,0
72229,0
65901,0
59409,0
66284,0
31572,0
75118,0
4935,0
45516,0
23556,0
32813,0
66261,0
55289,0
21410,0
33234,0
26781,0
25982,0
54441,0
12763,0
29659,0
28822,0
54552,0
39161,0
37276,0
13724,0
60758,0
42806,0
63026,0
26047,0
68131,0
25133,0
73156,0
24030,0
63229,1
25201,0
5778,0
54576,0
18153,0
35315,0
24907,0
50505,0
71708,0
69096,0
13845,0
9373,0
22071,0
59449,0
18169,0
71183,0
53102,0
62428,0
16450,0
51732,0
66548,0
21274,0
30522,0
48307,0
22522,0
69935,0
17028,0
30973,0
7834,0
2997,0
36664,0
57954,0
45234,0
33813,0
70940,0
8165,0
22196,0
25328,0
2570,0
26195,0
35489,0
3381,0
22423,0
57307,0
72935,0
48601,0
44626,0
23830,0
69653,0
70533,0
5492,0
46826,0
2462,0
55353,0
31079,0
47263,0
49281,0
10386,0
38780,0
34632,0
55652,1
26236,0
26494,0
20607,0
68288,0
5579,0
25735,0
65133,0
47192,0
12270,0
9562,0
20647,0
16932,0
20470,0
66412,0
47539,0
8542,0
74325,0
70301,0
27247,0
19088,0
48228,0
45421,0
68281,0
48008,0
805,0
70922,0
57294,0
59202,0
51792,0
3227,0
16899,0
1045,0
27242,0
5542,0
50193,0
60555,0
14826,0
8698,0
61143,0
74149,0
12845,0
10185,0
24884,0
63285,0
67076,0
59355,0
7206,0
23730,0
27522,0
8121,0
35425,0
49195,0
4854,0
5743,0
46253,1
17919,0
26843,0
14215,0
63027,0
5090,0
67232,0
22927,0
74932,0
42963,0
29277,0
30595,0
61273,0
38324,0
40899,0
16597,0
34019,0
23999,0
75518,0
6885,0
2599,0
63182,0
279,0
6533,0
20916,0
3150,0
67705,0
10971,0
4201,0
45686,0
34579,0
46290,0
23085,0
9397,0
54239,0
17401,0
66401,0
16726,0
14797,0
11581,0
70045,0
33155,0
19139,0
67393,0
48711,0
17669,0
41920,0
73829,0
31127,0
60610,0
10041,0
60142,0
24701,0
15705,0
35927,0
32621,0
26263,0
73738,0
42836,0
61524,0
18670,0
49761,0
45914,0
67464,0
6896,0
22816,0
70317,0
5277,0
12244,0
20291,0
45742,0
67582,0
16522,0
70512,1
56157,0
19193,0
3100,0
41332,0
32740,0
70639,0
19865,0
57859,0
66435,0
23603,0
58391,1
37124,0
75200,0
39299,0
14084,0
13172,0
51368,0
68998,0
46372,0
34864,0
39736,0
7654,0
56736,0
3926,0
72109,0
5187,0
9380,0
59605,0
37463,0
61472,0
11303,0
5648,0
38848,0
61536,0
13133,0
76042,0
16492,0
18986,0
68603,0
73581,0
69889,0
33750,0
9638,0
3388,0
40586,0
69276,0
75149,0
48659,0
16977,0
54034,0
11448,0
12603,0
34583,0
56816,0
19224,0
60504,0
46360,0
43966,0
32993,0
64432,0
50325,0
40996,0
49269,0
18666,0
25546,0
47198,0
19809,0
44635,0
30190,0
9755,0
52085,0
39302,0
69963,0
73430,0
19797,0
43044,0
37908,0
17594,0
57,0
61188,0
16250,0
75571,0
74651,0
11462,0
17942,0
25710,0
16462,0
59090,0
45573,0
68002,0
53118,0
72901,0
66964,0
25455,0
61673,0
1777,0
32322,1
40174,0
64932,0
76389,0
63787,0
20947,0
14646,0
19001,0
62894,0
52739,0
71518,0
63607,0
54421,0
48004,0
62640,0
34932,0
61204,0
53189,0
3355,0
69968,0
21492,0
59483,0
34437,0
48504,0
21835,0
344,0
20814,0
66721,0
34113,0
41288,0
15880,0
3406,0
51384,0
47281,0
4317,0
30923,0
56772,0
12269,0
8890,0
76362,0
38574,0
57833,0
59000,0
51611,0
47638,0
44611,0
52098,0
19755,0
58413,0
3785,0
4682,0
51848,0
36053,0
76298,0
27504,0
43795,0
4115,0
55088,0
61333,0
21820,0
35564,1
47639,0
7046,0
35872,0
22658,0
15242,0
27268,0
23600,0
21079,0
49999,0
47197,0
13415,0
52576,0
65825,0
10559,0
64277,0
74950,0
69421,0
4103,0
54839,1
48582,0
21018,0
67547,0
73338,0
36064,0
68304,0
30278,0
7795,0
23866,0
62159,0
12355,0
61156,0
68908,0
10171,0
75958,0
11488,0
63265,0
67791,0
15636,0
67024,0
69808,0
73864,0
5864,0
59593,0
46916,0
12536,0
75935,0
24311,0
65815,0
27547,0
13252,0
59450,0
16290,0
28923,0
14185,0
10613,0
33411,0
15765,0
73499,0
48464,0
35552,0
15021,0
43468,0
51700,0
8583,0
62065,0
40001,0
36983,0
40234,0
8753,0
60696,0
59508,0
53056,0
64551,0
26733,0
53473,0
46364,0
53855,0
36730,0
50602,0
25830,0
69580,0
33780,0
20030,0
13953,0
72435,0
45363,0
25141,0
43232,0
1697,0
17917,0
73859,0
59203,0
65120,0
52057,0
2403,0
75938,0
62945,0
58997,0
60006,1
54607,0
64210,0
32769,0
51795,0
28065,0
74244,0
18253,0
33438,0
62055,0
71534,0
49020,0
52899,0
73630,0
34749,0
56329,0
20552,0
66046,0
28177,0
69591,0
73810,0
63167,0
9287,0
29790,0
57086,0
8932,0
74413,0
49573,0
26759,0
2224,0
55933,0
42095,0
37044,0
46004,0
64960,0
15577,0
21436,0
55470,0
55735,0
33402,0
70992,0
75573,0
67446,0
71760,0
62820,0
859,0
48216,0
26747,0
23043,0
35306,0
31025,0
44156,0
9975,0
60905,0
43698,0
31782,0
6629,0
24552,0
12104,0
33796,0
3215,0
48214,0
23212,0
15413,0
31178,0
24341,0
68283,0
3073,0
1809,0
43426,0
9228,0
48841,0
27678,0
22154,0
52259,0
34825,0
14520,0
39382,0
21003,0
44949,1
35608,0
60794,0
25330,0
8999,0
70572,0
3400,0
38503,0
74347,0
69981,0
12602,0
55181,0
69393,0
59418,0
46368,0
31975,0
35319,0
7959,0
42443,0
58020,0
69711,0
12437,0
2431,0
72119,0
14054,0
59054,0
24322,0
42377,0
115,0
67084,0
26438,0
36984,0
55560,0
50088,0
44141,0
63558,0
48631,0
69589,0
38146,0
65484,0
36861,0
18369,0
16822,0
70700,0
3988,0
66447,0
56249,0
7156,0
12644,0
9867,0
14685,0
27995,0
61780,0
64250,0
60731,0
55504,0
36533,0
54326,0
40594,0
74896,0
62373,0
57828,1
34155,0
12883,0
24101,0
3900,0
28085,0
26142,0
57662,0
63550,0
61151,0
38679,0
22112,0
15652,0
67423,0
2347,0
10954,0
74270,0
47553,0
10012,0
75861,0
73877,0
38561,0
18883,0
13058,0
53192,0
56976,0
40436,0
47262,0
56981,0
67916,0
49201,0
2715,0
12343,0
42234,0
29997,0
10706,0
43325,0
7421,0
10295,0
3268,0
30274,0
11520,0
7419,0
68877,0
8089,0
15552,0
73847,0
4383,0
12358,0
2507,0
69780,0
14059,0
42921,0
69957,0
32729,0
1143,0
44667,0
65426,0
21263,0
29469,0
35864,0
72757,0
76386,0
8705,0
38511,0
58064,0
13156,0
39650,0
59484,0
30604,0
36933,0
21644,0
69861,0
65069,0
31171,0
74005,0
34543,0
6547,0
7001,0
72497,0
28816,0
38362,0
48395,0
1098,0
72564,0
58293,1
7768,0
18988,0
17909,0
36397,0
37939,0
58405,0
53905,0
16227,0
54603,0
40482,0
49616,0
1915,0
24009,0
41724,0
30592,0
18427,0
75438,0
65318,0
54664,0
49356,0
10505,0
23645,0
8965,0
72574,0
19454,0
75388,0
22279,0
40247,0
48262,0
59989,0
16569,0
12059,0
45493,0
62995,0
71236,0
44120,0
63780,0
32611,1
15662,0
2543,0
36035,0
28726,0
14660,0
56813,0
793,0
67932,0
76005,0
58120,0
39073,0
69988,0
12956,0
3416,0
4536,0
63866,0
35932,0
76148,0
73546,0
8316,0
48775,0
19313,0
45677,0
68065,0
41514,0
4637,0
57867,0
6935,0
40838,0
6841,0
40669,0
617,0
68997,0
16623,0
66521,0
29337,0
35243,0
40006,0
17975,0
32027,0
39278,0
71786,0
5085,0
27635,0
8199,0
16307,0
10087,0
69637,0
58266,0
23365,0
42185,0
9672,0
35447,0
45309,0
20312,0
25437,0
50450,0
42449,0
23605,0
5780,0
51759,0
6673,0
11689,0
49271,0
67321,0
45282,0
75857,0
21597,0
38797,0
58078,0
24420,0
51590,0
18417,0
57180,0
71318,0
30946,0
64459,0
14900,0
66743,0
60410,0
67745,0
7388,0
73756,0
28944,0
11825,0
74969,0
40186,0
53569,0
65356,0
41881,0
76094,0
56909,0
69555,0
11446,0
42062,0
30111,0
60187,0
53656,0
51653,0
39779,0
45696,0
55820,0
65796,0
5469,0
28461,0
59678,0
14232,0
31478,0
34213,0
56454,0
69882,0
1206,0
23590,0
42268,0
15282,0
68837,0
61450,0
72398,0
69100,0
9445,0
63271,0
36952,0
28405,0
24429,0
72804,0
8754,0
74218,0
40491,0
70331,0
35801,0
63700,0
21352,0
49149,0
53591,0
45870,0
73372,0
40026,0
55912,0
12879,0
41216,0
57733,0
13553,0
68926,0
48764,0
62121,0
23647,0
13790,0
73174,0
75719,0
65792,0
66122,0
73216,0
45242,0
8491,0
10972,0
58715,0
59737,0
66134,0
52607,0
73435,0
5945,0
33259,0
71863,0
38586,0
63160,0
22837,0
61610,0
74988,0
25072,0
1403,0
7739,0
58106,0
57028,0
29506,0
27384,0
64392,0
57428,0
28352,0
47515,0
35522,0
64015,0
27674,0
58331,0
30188,0
64930,0
36855,0
26533,0
30324,0
32584,0
5525,0
44614,0
12963,0
26344,0
73344,0
48848,0
4906,0
4411,0
12387,0
2528,0
29032,0
27990,0
40335,0
66429,0
59809,0
68695,0
12311,0
58041,0
57589,0
2633,0
9216,0
9762,0
20021,0
71485,0
35053,0
15586,0
27128,0
52003,0
48943,0
1253,0
23764,0
10188,0
23736,0
3586,0
20275,0
25574,0
28345,0
18257,0
8508,0
75638,0
18367,0
70024,0
17859,0
45883,0
64,0
59885,0
60866,0
29862,0
51933,0
43394,0
29331,0
14819,0
27470,0
4999,0
68699,0
17004,0
2698,0
45992,0
6496,0
64347,0
12099,0
39411,0
46160,0
39949,0
63660,0
870,0
11911,0
72805,0
50863,0
37042,0
8827,0
1810,0
61314,0
33020,0
73708,0
13589,0
37390,0
16086,0
50688,0
22882,0
28807,0
19131,0
12780,0
74981,0
33034,0
28716,0
45910,0
21882,0
54503,1
57414,0
60572,0
6657,0
63715,0
26595,0
26512,0
12051,0
25878,0
8738,0
55003,0
15109,0
25571,0
62903,0
58386,0
34239,0
12345,0
32795,0
59167,0
48749,0
67649,0
38122,0
4605,0
7134,0
49537,0
44080,0
19667,0
45545,0
17579,0
41588,0
64407,0
14748,0
70092,0
64266,0
52343,0
37125,0
33008,0
61257,0
9497,0
31695,0
56475,0
13224,0
47989,0
73234,0
20969,0
70079,0
35661,0
26726,0
23716,0
32620,0
27266,0
61924,0
34559,0
721,0
66124,0
31517,0
8658,0
37394,0
49841,0
20692,0
9140,0
53696,0
50825,0
42603,0
68807,0
1179,0
35105,0
50542,0
55479,0
10961,0
6750,0
46951,0
10450,0
74442,0
37081,0
34862,0
42998,0
39739,0
56097,0
58903,0
39906,0
71358,0
35685,0
61735,0
68028,0
58292,0
34975,0
61822,0
25425,0
38066,0
61451,0
42575,0
50000,0
27008,0
72740,0
40407,0
56859,0
19732,0
28646,0
45262,0
52772,0
49583,0
74623,0
17185,0
48632,0
34609,0
64940,0
12983,0
68748,0
46671,0
4303,0
69309,0
50343,0
30281,0
46269,0
34842,0
23078,0
28219,0
47864,0
17067,0
4622,1
30101,0
34390,0
23694,0
5922,0
47306,0
23463,0
55444,0
31693,0
5556,0
16103,0
40655,0
7859,0
31734,0
48078,0
48702,0
44495,0
54556,0
11605,0
73502,0
57915,0
3897,0
52205,0
71175,0
27035,0
72180,0
16025,0
67661,0
35532,0
23680,0
69843,0
21933,0
46136,0
32099,0
12748,0
44446,0
16729,0
40295,0
25504,0
41453,0
51081,0
41474,0
17417,0
58055,0
2954,0
58567,0
20933,0
16156,0
42975,0
13322,0
5527,0
29898,0
30855,0
41832,0
53261,0
26153,0
62324,0
13036,0
32192,0
64678,0
45250,0
12990,0
2334,0
66796,0
6118,0
37790,0
43527,0
64361,0
69018,0
53157,0
42983,0
47588,0
31809,0
44581,0
43377,0
30683,0
43422,0
17969,0
18484,0
10341,0
18416,0
6334,0
13751,0
58889,0
70321,0
18215,0
55482,0
5496,0
60612,0
74435,0
66709,0
39747,0
3521,0
61631,0
53463,0
39794,0
27453,0
43182,0
66675,0
27296,0
332,0
57983,0
71045,0
16413,0
14979,0
49108,0
45283,0
44045,0
22484,0
3748,0
53622,0
41659,0
27325,0
67434,0
50986,0
19729,0
68859,0
57529,0
10119,0
72811,0
72743,0
49415,0
14866,0
16523,0
17121,0
16583,0
8444,0
16641,0
14657,0
1123,0
69554,0
71729,1
59543,0
71580,0
56132,0
8816,0
5606,0
36483,0
29167,0
67023,0
19358,0
60588,0
70678,0
63329,0
500,0
12394,0
25954,0
74715,0
39024,0
11541,0
60356,0
37053,0
29082,0
45494,0
58905,0
12043,0
1221,0
24438,0
60383,0
25266,0
68668,0
33688,0
30500,0
24979,0
67346,0
15234,0
16232,0
27986,0
19146,0
74081,0
22788,0
55475,0
47395,0
52111,0
60525,0
56719,0
19763,0
16296,0
62844,0
34353,0
71059,0
13612,0
44915,0
36757,0
28873,0
62578,0
67846,0
36034,0
16165,0
39441,0
10153,0
42520,0
27744,0
73517,0
3304,0
55461,0
42951,0
72868,0
64899,0
20906,0
2134,0
66262,0
44402,0
68245,0
5585,0
45808,0
72253,0
24431,0
65382,0
66444,0
72486,0
34085,0
58951,1
59143,0
58583,0
55594,0
7529,0
29440,0
1479,0
35994,0
13503,0
69827,0
47755,0
36183,0
2979,0
44767,0
53664,0
70619,0
28123,0
6702,0
61551,0
4266,0
53977,0
43016,0
36981,0
58842,0
4651,1
47038,0
21266,0
60904,0
69104,0
4798,0
70943,0
4065,0
4548,0
35724,0
19032,0
68787,0
52413,0
71523,0
8928,0
56698,0
71381,0
75370,0
66980,0
73134,0
14399,0
65183,0
39322,0
48840,0
20363,0
68719,0
41008,0
42684,0
33892,0
51422,0
7675,0
23448,0
36060,0
53636,0
49636,0
76495,0
16854,0
59192,0
30690,0
14307,0
44748,0
55389,0
15591,0
6024,0
38231,0
14858,0
60369,0
28463,0
40192,0
63404,0
5710,0
15131,0
68221,0
50025,0
7114,0
21817,0
66251,0
23850,0
35334,0
8575,0
34087,0
31921,0
9904,0
62274,0
12844,0
21360,0
73453,0
64755,0
52606,0
22935,0
5154,0
47641,0
235,0
58999,0
12860,0
33214,0
73841,0
8111,0
49661,0
54630,0
31804,0
37219,0
15379,0
58868,0
57596,0
54268,0
22739,0
2906,0
76327,0
15334,0
68795,0
6582,0
60783,0
19346,0
52264,0
50145,0
73434,0
46339,0
68163,0
75610,0
35686,0
3762,0
53455,0
11922,0
25196,0
14706,0
18225,0
32425,0
73634,0
26115,0
60479,0
45570,0
25121,0
6575,0
49628,0
40480,0
42858,0
17147,0
62365,0
23228,0
62668,0
17339,0
56356,0
47836,0
29301,0
46420,0
43103,0
16360,0
10927,0
61785,0
72339,0
42512,0
32444,0
3337,0
20549,0
58908,0
9872,0
29584,0
3553,0
45299,0
69619,0
15485,0
1435,0
58514,0
